battery_power,clock_speed,dual_sim,four_g,mobile_weight,px_height,px_width,ram,Screen_Height,Screen_Width,touch_screen,wifi,Price
842,2.2,0,0,188,20,756,2549,9,7,0,1,10000
1021,0.5,1,1,136,905,1988,2631,17,3,1,0,20000
563,0.5,1,1,145,1263,1716,2603,11,2,1,0,20000
615,2.5,0,0,131,1216,1786,2769,16,8,0,0,20000
1821,1.2,0,1,141,1208,1212,1411,8,2,1,0,10000
1859,0.5,1,0,164,1004,1654,1067,17,1,0,0,10000
1821,1.7,0,1,139,381,1018,3220,13,8,0,1,30000
1954,0.5,1,0,187,512,1149,700,16,3,1,1,10000
1445,0.5,0,0,174,386,836,1099,17,1,0,0,20000
509,0.6,1,1,93,1137,1224,513,19,10,0,0,20000
769,2.9,1,0,182,248,874,3946,5,2,0,0,20000
1520,2.2,0,1,177,151,1005,3826,14,9,1,1,10000
1815,2.8,0,0,159,607,748,1482,18,0,0,0,10000
803,2.1,0,0,198,344,1440,2680,7,1,0,1,30000
1866,0.5,0,1,185,356,563,373,14,9,0,1,10000
775,1,0,0,159,862,1864,568,17,15,1,1,20000
838,0.5,0,1,196,984,1850,3554,10,9,0,1,20000
595,0.9,1,1,121,441,810,3752,10,2,1,0,20000
1131,0.5,1,0,101,658,878,1835,19,13,1,0,10000
682,0.5,0,0,121,902,1064,2337,11,1,1,1,10000
772,1.1,1,0,81,1314,1854,2819,17,15,1,0,30000
1709,2.1,0,0,156,974,1385,3283,17,1,0,0,10000
1949,2.6,1,0,199,407,822,1433,11,5,0,1,20000
1602,2.8,1,1,114,466,788,1037,8,7,0,0,20000
503,1.2,1,1,111,201,1245,2583,11,0,0,0,20000
961,1.4,1,1,114,291,1434,2782,18,9,1,1,10000
519,1.6,1,1,132,550,645,3763,16,1,0,1,10000
956,0.5,0,1,143,511,1075,3286,17,8,1,0,30000
1453,1.6,1,1,96,187,1311,2373,10,1,1,1,10000
851,0.5,0,0,200,1171,1263,478,12,7,0,1,20000
1579,0.5,1,0,88,1358,1739,3532,17,11,0,1,20000
1568,0.5,0,0,150,413,654,508,5,1,1,1,20000
1319,0.9,0,1,107,85,1152,2227,18,5,1,1,10000
1310,2.2,1,1,100,178,1919,3845,7,0,1,0,10000
644,2.7,0,0,157,311,881,1262,12,1,0,0,30000
725,1.3,1,0,160,1134,1249,1326,10,4,0,0,10000
589,2.3,1,0,160,429,815,2113,13,7,0,1,20000
1725,1.6,1,1,119,609,1307,3429,6,5,1,0,20000
790,2,1,1,87,347,730,3169,6,1,0,1,20000
560,0.5,1,0,159,1448,1613,2150,18,12,1,0,10000
1347,2.9,0,0,132,434,967,2484,18,2,0,1,10000
1646,2.3,0,1,185,1725,1932,3339,18,10,1,0,30000
1253,0.5,1,1,152,685,714,1878,15,0,1,0,10000
1656,1,0,1,166,880,1456,1629,15,12,1,0,20000
1195,2.8,0,1,110,1580,1652,504,9,3,1,0,20000
1514,2.9,0,0,118,186,1810,1152,8,3,1,1,20000
1723,1.1,1,0,164,202,1791,3587,10,5,0,0,10000
1054,1.8,1,1,196,27,774,2296,16,12,0,1,10000
578,2.6,1,1,162,1025,1433,1270,15,3,0,1,30000
596,2.1,1,0,111,885,1854,3238,16,13,0,0,10000
1547,3,1,1,198,1042,1832,2059,5,0,0,1,20000
1760,1.4,1,0,127,1382,1383,2053,19,12,1,0,20000
1654,1.5,1,1,109,546,629,3112,12,5,1,0,20000
1457,1.9,1,1,102,1013,1287,1440,17,8,0,1,10000
1073,0.5,1,0,145,690,804,2908,6,0,1,0,10000
1936,2.1,1,1,104,667,1036,2552,14,7,0,0,30000
823,2.7,1,0,148,822,1449,905,14,11,1,1,10000
987,1.3,1,1,107,581,820,3963,9,4,0,1,20000
1757,0.5,0,0,180,265,713,2056,7,5,0,0,20000
1063,1.4,1,1,128,127,683,2910,15,13,1,1,20000
1484,3,0,0,134,916,969,1457,14,4,1,0,10000
799,2.3,0,1,144,361,975,431,15,6,1,1,10000
1156,1.2,1,1,159,322,547,470,7,0,1,0,30000
1720,2,0,1,168,753,1353,2148,14,2,1,1,10000
702,2.6,1,1,141,504,1570,2955,10,4,0,0,20000
616,1.9,1,1,81,651,1618,3366,18,8,1,0,20000
1358,0.5,0,1,155,1565,1858,3068,9,4,1,0,20000
1866,1.4,0,0,182,108,1781,3834,16,11,0,0,10000
1242,1.1,1,0,165,459,1225,1050,11,1,0,1,10000
1166,1.5,1,1,80,205,603,3993,7,1,1,0,30000
1448,0.5,1,1,138,570,1724,3378,13,11,1,1,10000
1407,2.4,0,1,104,1172,1217,2192,9,7,0,1,20000
605,1,0,1,142,160,1026,392,15,6,0,0,20000
1038,1.2,0,0,141,4,638,3709,11,0,1,1,20000
797,2.9,1,0,90,763,1413,590,9,2,1,0,10000
819,0.6,1,1,188,339,1242,1814,5,4,0,1,10000
1114,2.8,0,1,197,1040,1071,907,10,7,1,0,30000
1234,1.6,1,0,172,166,778,1449,11,7,0,1,10000
1199,2.5,1,1,116,1168,1552,3448,17,13,0,1,20000
1103,1,1,0,111,990,1486,1837,8,7,1,1,20000
1589,0.6,1,1,85,319,1206,3464,19,10,1,1,20000
999,2.9,1,1,199,1397,1616,2593,14,11,1,0,10000
1510,0.9,1,0,180,708,1752,3484,9,6,1,1,10000
1008,0.8,0,0,114,1077,1122,2009,10,3,0,0,30000
1127,2.9,1,1,163,928,1049,2048,11,5,1,1,10000
1412,2.4,0,0,96,516,1894,837,15,9,0,1,20000
1496,2,1,0,182,96,741,854,16,0,1,1,20000
1083,2.9,1,1,178,1025,1118,3210,13,3,0,0,20000
668,0.5,1,0,155,666,1203,2746,9,5,1,1,10000
1309,1.1,1,0,100,557,1402,2334,10,1,0,1,10000
1724,2,1,1,177,1605,1924,2822,19,3,1,0,30000
1977,2,1,1,171,1226,1242,1971,18,7,1,0,10000
885,2.3,1,1,103,769,802,1410,16,10,1,1,20000
879,2.5,0,1,83,403,1105,349,16,10,0,1,20000
1322,1.7,1,0,140,177,1990,1418,19,17,1,0,20000
1137,1,0,0,196,942,1179,3616,13,5,1,1,10000
1355,2.3,0,1,132,651,891,880,19,4,1,0,10000
1665,0.5,0,1,194,1572,1684,1601,18,17,0,0,30000
657,2.5,0,0,141,476,961,1412,14,3,1,0,10000
593,0.5,0,0,156,1233,1317,1692,6,2,0,0,20000
1883,0.5,0,1,146,836,1739,2600,16,8,0,0,20000
1732,1.1,0,1,119,824,881,1308,16,7,0,1,20000
543,0.5,0,0,192,391,984,2413,17,14,0,0,10000
1939,2.8,1,1,199,320,520,1047,14,10,1,0,10000
553,2.4,1,1,121,325,902,1204,11,4,1,1,30000
832,0.7,1,1,103,125,1504,1799,5,2,0,1,10000
1661,1.9,1,0,172,846,1634,2676,12,6,1,1,20000
1657,2.4,0,0,198,1770,1796,2597,18,1,0,0,20000
1135,2,1,0,83,293,1846,3029,19,17,1,1,20000
1775,1.5,0,0,163,1633,1869,2343,19,13,1,1,10000
783,1.8,1,1,106,1198,1471,2016,16,4,1,0,10000
617,2.3,0,0,199,768,874,2213,18,13,0,0,30000
867,1.4,1,1,135,70,1974,790,13,6,1,0,10000
1310,1.1,1,0,194,117,513,3182,8,4,1,0,20000
1804,0.5,0,1,153,1158,1244,3472,9,1,0,1,20000
1900,2.3,0,1,89,1055,1661,2871,12,1,1,1,20000
909,1.4,0,0,82,635,973,3187,12,9,0,0,10000
1084,2.6,0,1,107,322,771,1945,15,4,1,0,10000
1308,1.3,1,0,199,275,989,488,5,3,1,0,30000
1778,0.5,0,0,102,1445,1954,1214,5,0,0,0,10000
1701,1.6,1,0,194,550,1338,2598,12,9,1,0,20000
772,2.4,1,1,80,1242,1712,3242,18,11,1,0,20000
825,0.5,1,0,130,597,863,3534,10,4,1,0,20000
1379,1.1,0,1,200,538,1376,3426,5,4,1,1,10000
1166,2,0,1,198,59,1203,2488,13,5,0,0,10000
1659,2.8,0,0,89,819,902,3255,19,14,0,1,30000
826,2.4,1,1,88,179,786,2863,9,3,0,1,10000
1564,2.3,0,1,189,1259,1965,1496,6,4,1,1,20000
1957,0.9,1,0,181,396,1732,3801,12,0,0,1,20000
1571,1.4,0,1,100,713,1398,666,12,10,1,0,20000
1414,2,1,0,99,262,829,3799,17,7,0,1,10000
1790,2.5,1,0,184,622,792,1366,7,0,1,1,10000
645,0.5,0,0,197,327,580,2962,12,9,1,1,30000
668,2.9,1,0,195,522,1056,2399,10,5,1,1,10000
1652,1.1,1,0,89,313,1264,2338,12,8,0,0,20000
1213,0.5,0,0,108,226,1248,2700,12,3,0,1,20000
1272,2.5,1,0,133,605,669,2235,19,4,0,0,20000
866,0.5,1,1,179,692,1686,3825,12,11,1,1,10000
536,2.4,1,1,182,1386,1539,284,12,9,1,0,10000
523,2.6,1,0,155,304,1042,1427,9,1,1,0,30000
1753,0.5,1,1,134,1590,1926,1324,17,0,0,1,10000
1218,1.8,1,1,147,229,616,398,17,0,0,0,20000
1537,2.5,0,1,137,839,1131,3685,18,17,1,1,20000
786,2.2,1,0,141,507,1697,2390,12,11,0,1,20000
1678,2.1,0,1,134,436,536,278,19,0,1,0,10000
1814,1.4,1,1,141,756,786,3556,18,12,0,0,10000
1101,1.8,0,0,148,387,1269,2196,12,6,1,1,30000
1461,2.4,1,1,141,1265,1298,3799,16,1,0,0,10000
1216,3,0,0,199,1852,1967,2268,13,5,1,1,20000
506,1.6,0,1,159,875,1025,2965,13,10,0,0,20000
843,0.5,0,1,147,140,800,2341,10,1,1,1,20000
742,2.2,1,0,190,577,1359,3557,16,11,1,1,10000
1692,2.1,0,1,176,975,1996,1354,16,7,0,0,10000
1485,1,0,1,84,510,1013,2147,19,1,1,0,30000
1547,2.9,1,0,166,583,590,505,12,2,1,1,10000
1692,2.3,1,1,139,674,1925,1394,16,10,1,0,20000
637,2.3,0,1,97,1125,1989,374,18,4,0,1,20000
1224,0.5,0,1,109,747,826,506,10,0,1,1,20000
1356,2.8,0,0,198,1612,1983,3702,17,0,0,0,10000
1840,0.5,1,0,142,311,1545,1078,8,0,0,0,10000
1481,0.7,1,1,96,116,1533,2945,10,5,1,1,30000
961,1.5,1,0,152,554,621,2981,15,6,1,1,10000
1296,0.9,1,1,124,811,1272,490,7,1,1,1,20000
1193,0.9,0,0,166,730,1729,536,17,14,0,1,20000
1441,2.1,1,1,118,577,1071,2317,16,4,0,1,20000
517,1.4,1,1,183,660,974,3704,17,16,0,1,10000
748,1.7,0,1,150,450,1554,2126,18,9,0,0,10000
1126,2.4,0,1,160,1223,1611,2050,7,6,1,1,30000
1572,0.6,0,1,157,1109,1937,2462,12,8,0,0,10000
1569,2.8,1,0,110,45,1942,1260,9,2,0,0,20000
1270,0.6,1,1,101,299,845,3770,5,3,1,0,20000
1854,3,0,1,101,506,627,1886,17,4,1,0,20000
625,1.2,1,1,183,635,842,3323,9,1,1,1,10000
1577,0.5,1,1,197,1045,1737,2060,19,6,0,0,10000
534,0.5,1,1,189,393,1199,3926,16,12,0,0,30000
946,1.7,1,1,143,650,1740,2177,7,5,1,1,10000
685,0.5,0,0,93,433,648,728,14,8,0,1,20000
1949,1.3,1,0,101,839,1136,2478,14,8,0,0,20000
947,0.8,1,1,197,1176,1220,2842,16,12,0,0,20000
801,2.2,1,0,165,650,879,1617,17,4,0,1,10000
703,2.7,0,1,113,218,1065,1472,14,7,0,0,10000
1165,2.4,0,0,178,564,831,764,19,12,0,0,30000
1082,0.8,0,0,198,986,1191,2337,6,1,1,1,10000
959,2.6,1,0,84,561,1631,3965,16,1,0,0,20000
1502,1.2,0,0,138,65,588,3693,17,14,1,0,20000
1380,2.1,1,1,92,420,500,797,13,2,1,0,20000
1266,0.5,0,1,95,1365,1698,1687,11,0,0,0,10000
1934,2.6,1,1,103,619,1299,2940,13,9,1,1,10000
1905,0.5,0,1,151,849,898,1545,9,5,1,0,30000
1831,1.4,1,0,150,611,1381,3834,17,7,1,1,10000
596,1.4,0,0,165,953,984,2505,15,4,1,0,20000
1562,1.3,1,1,190,642,1533,2243,12,10,0,0,20000
1490,0.5,1,1,150,1417,1464,3600,17,9,1,1,20000
1523,2.4,0,1,117,247,539,3971,18,12,1,1,10000
640,0.6,0,0,163,710,1179,2844,7,5,1,0,10000
1526,2.1,0,1,117,718,751,2227,18,10,1,0,30000
1989,2.5,1,1,94,1100,1497,1665,17,9,1,1,10000
1308,1.9,0,1,106,59,1215,3355,15,2,0,1,20000
609,0.5,0,0,93,938,1948,1866,11,10,1,1,20000
1905,0.6,1,1,119,825,1542,1287,13,4,0,0,20000
1703,0.5,0,1,192,286,1235,1046,5,4,0,1,10000
1445,2.4,1,1,173,1273,1345,1441,7,4,1,1,10000
1087,1.3,0,1,166,295,589,690,14,6,0,1,30000
671,0.9,1,0,105,852,1182,2504,6,4,0,0,10000
1472,2.3,0,0,168,710,1052,2677,19,15,0,0,20000
765,0.5,1,1,115,1277,1429,2243,11,7,0,1,20000
1642,0.5,1,1,171,129,873,2984,13,4,0,1,20000
1265,1.5,0,0,182,690,836,1362,5,0,0,1,10000
664,1.1,1,1,110,701,1478,3629,19,15,1,1,10000
1277,0.5,1,1,142,309,1460,3559,18,17,1,0,30000
1395,1.8,1,0,111,213,705,2571,11,0,0,1,10000
1539,2.6,0,0,159,1112,1666,2107,15,9,0,1,20000
1049,2.2,0,0,135,199,1077,1022,11,3,0,0,20000
1827,1.7,0,1,128,55,1020,2844,14,9,1,0,20000
903,1,1,1,91,1230,1235,711,9,5,1,0,10000
1987,0.5,0,1,181,1052,1516,3117,18,5,1,1,10000
1154,1.2,1,1,181,541,1499,978,5,3,0,1,30000
1336,0.9,0,1,194,55,583,1869,13,1,1,1,10000
1886,0.5,0,1,112,809,1958,1179,16,7,0,1,20000
1551,1.1,0,0,88,1738,1995,3844,11,8,1,0,20000
850,1.6,1,1,133,404,642,593,19,17,0,1,20000
660,0.5,0,1,111,262,1178,588,6,5,1,1,10000
1225,2.1,1,0,116,759,1404,3836,12,11,0,0,10000
1452,0.5,1,1,123,42,1040,2669,12,10,0,0,30000
1686,2.8,1,0,166,397,1453,2958,14,11,0,0,10000
1634,1.4,0,1,200,964,1677,3031,11,6,1,1,20000
1708,2.4,1,1,109,233,517,3388,6,4,1,1,20000
1151,2.9,1,0,128,1022,1560,2377,18,8,1,0,20000
1578,1.9,1,1,138,411,1226,2458,19,16,0,1,10000
1689,1.8,0,0,127,954,1200,2766,7,2,1,1,10000
1488,0.5,0,0,112,1528,1647,3054,14,10,0,0,30000
1313,1.8,1,0,105,416,1308,3791,11,10,1,1,10000
1715,1,1,1,83,638,1615,625,17,6,0,0,20000
1442,1,1,0,192,231,687,2227,6,5,1,0,20000
528,1.7,0,1,142,574,637,3256,9,8,1,0,20000
1523,1.8,0,1,129,148,1606,707,19,8,1,0,10000
1133,1.4,0,0,199,730,1543,1457,18,12,0,1,10000
1718,2.5,1,1,183,564,980,3755,7,1,1,1,30000
1330,0.5,0,0,183,1290,1441,1733,9,0,0,1,10000
1799,0.5,0,0,107,632,1383,720,12,2,1,1,20000
633,2.2,0,1,139,529,1009,3560,11,1,1,1,20000
724,2.7,1,0,187,1273,1754,2311,7,6,0,0,20000
822,0.5,0,1,157,667,860,3846,10,1,0,0,10000
1918,1.9,0,0,110,1170,1543,1717,7,1,1,1,10000
1891,2.8,0,1,129,169,1108,3704,8,6,0,0,30000
1373,1,1,0,127,105,673,3800,8,3,0,0,10000
862,0.8,1,0,165,793,1758,278,16,3,0,1,20000
1273,1,0,1,99,490,886,1767,18,15,1,0,20000
957,2.5,0,0,107,1201,1485,1846,12,5,0,1,20000
1617,1.3,1,1,105,246,1038,829,9,0,0,0,10000
893,2.5,1,0,183,417,946,2986,7,1,1,1,10000
1210,0.5,0,0,93,1177,1462,2394,17,9,0,0,30000
708,2.7,1,1,195,78,654,2169,6,5,1,1,10000
835,1.1,1,0,101,323,1604,1181,13,5,1,1,20000
1450,2.7,1,0,131,707,1882,575,15,9,0,0,20000
973,1.5,0,1,190,457,1816,2977,6,4,0,0,20000
601,1.4,0,1,154,356,765,532,12,8,1,1,10000
507,0.5,1,0,141,936,1398,1702,17,0,1,1,10000
564,1.8,1,1,168,912,1980,1074,14,8,1,0,30000
1559,1.6,1,1,162,179,1559,3352,9,1,1,1,10000
754,0.5,1,1,178,1914,1928,1027,6,3,0,0,20000
728,2.7,1,0,88,526,1529,2039,5,1,1,1,20000
1431,0.5,0,1,191,156,952,461,7,3,0,0,20000
767,1.5,0,0,175,344,1517,527,10,0,1,0,10000
1722,2.6,0,0,177,865,1741,3271,14,0,0,1,10000
1992,1.6,0,1,100,1552,1596,606,9,3,1,1,30000
1876,0.5,0,1,86,546,1564,2513,10,8,1,0,10000
1054,1.1,1,1,136,1097,1222,1675,18,4,1,1,20000
1283,1.6,1,0,93,372,692,2698,9,6,1,0,20000
1281,2.3,1,0,148,1285,1617,1129,12,1,1,0,20000
1066,0.6,0,1,114,1242,1571,468,19,13,1,0,10000
730,2.1,1,1,89,302,1247,1210,19,15,1,1,10000
1053,0.8,1,1,103,594,1767,3086,17,6,1,1,30000
1611,0.5,1,0,98,303,714,1595,8,4,0,1,10000
793,1,1,1,133,1858,1935,2332,17,13,1,1,20000
1220,2.9,0,0,125,403,1933,2589,19,11,1,1,20000
1662,0.5,0,1,126,32,1509,3760,9,5,1,1,20000
1281,2.8,1,1,144,590,954,1851,8,2,1,0,10000
538,0.8,0,1,177,235,662,417,8,4,0,1,10000
823,0.5,0,0,187,630,888,294,13,9,0,1,30000
1733,2.8,0,1,119,357,527,3576,17,16,0,0,10000
1429,1.5,1,1,100,246,820,3945,11,7,0,1,20000
1839,1.2,0,1,200,475,1493,927,19,10,0,1,20000
659,2.7,0,1,110,1054,1929,2044,15,5,0,1,20000
1953,2.1,1,0,158,555,764,2334,11,5,0,0,10000
1172,1.9,0,1,164,607,1092,1477,12,0,0,0,10000
612,1.9,1,0,102,1360,1891,3161,8,4,0,0,30000
1563,2.4,0,1,170,142,1699,3660,7,5,1,0,10000
1191,1.3,1,1,84,681,683,1604,14,3,0,1,20000
615,0.5,1,0,163,104,1664,2211,7,4,0,1,20000
1893,2.1,1,0,134,637,763,3822,14,3,1,1,20000
1563,1.7,1,0,151,410,572,3922,11,1,0,1,10000
1995,1.9,0,0,139,1830,1963,1203,14,12,1,1,10000
1517,0.5,0,1,143,802,1489,2822,15,5,1,1,30000
832,1.6,1,1,108,311,1294,447,15,13,1,0,10000
1162,2,0,1,114,56,997,1652,5,0,0,0,20000
1595,2.6,0,0,121,344,655,3608,15,1,1,0,20000
1329,1,0,0,181,1053,1458,1228,8,6,0,1,20000
928,0.5,1,0,80,221,1243,666,19,10,1,0,10000
1656,0.5,1,1,105,506,519,1499,12,8,0,1,10000
1937,1.7,0,0,189,1728,1767,3321,5,4,1,0,30000
977,1.1,1,0,181,63,566,1206,7,1,1,1,10000
768,0.9,0,1,113,418,515,952,19,3,0,1,20000
1464,0.5,1,0,117,854,1168,3927,5,3,1,1,20000
1177,0.9,0,1,191,178,882,311,18,5,0,0,20000
1348,2,0,0,98,1869,1942,955,18,11,1,1,10000
1956,2.2,0,1,87,185,776,1109,13,1,1,0,10000
1751,0.5,1,0,178,170,564,2969,8,6,0,1,30000
1530,2,0,0,177,454,1975,725,11,10,0,1,10000
1997,1.8,1,0,185,866,1212,1655,7,6,0,0,20000
1414,1.5,1,0,180,44,1118,3490,16,12,1,0,20000
1707,1.4,0,0,80,1331,1388,1774,12,0,0,0,20000
894,0.5,1,1,199,1285,1462,3615,13,0,0,1,10000
645,1.2,0,1,184,741,1130,714,18,2,1,0,10000
1163,2.8,1,0,155,520,754,2768,19,2,0,1,30000
1126,0.7,0,0,165,114,1726,3739,14,1,0,0,10000
1648,0.7,0,1,170,1153,1876,610,8,1,1,0,20000
1170,0.9,0,1,199,474,709,715,18,5,0,1,20000
508,0.8,0,1,94,39,557,663,13,12,0,0,20000
1097,2.1,1,0,161,419,1914,1725,14,5,0,1,10000
728,1.7,1,1,101,584,775,834,16,0,1,0,10000
1980,0.5,1,1,177,312,1910,3865,12,10,0,0,30000
1504,2.3,1,0,182,19,1923,3059,6,5,1,0,10000
1379,2.1,1,1,83,207,1370,651,9,6,1,0,20000
1698,2.1,0,1,160,363,994,796,13,3,0,1,20000
920,2.1,1,0,115,209,1078,785,10,7,1,1,20000
1144,1.5,1,0,189,159,724,3252,16,0,0,0,10000
1995,0.5,0,0,129,649,1104,1322,15,11,1,1,10000
1430,0.5,1,0,183,1132,1182,2832,7,1,1,1,30000
972,0.5,1,0,193,1392,1795,1615,11,6,1,0,10000
662,0.5,0,0,138,1001,1224,2125,17,15,1,1,20000
1867,2.3,0,1,191,712,1442,990,6,1,0,1,20000
1730,2,1,1,143,418,1023,1595,14,0,1,0,20000
1723,1,0,1,126,384,1361,1213,5,0,1,1,10000
1882,1.3,1,0,140,119,652,2500,17,1,0,1,10000
803,0.8,1,0,106,627,935,2801,18,15,1,0,30000
580,1.2,1,0,91,1086,1345,3451,15,1,1,0,10000
668,2.3,0,1,114,195,1292,1201,14,12,1,0,20000
1391,1.4,0,1,182,14,1256,3139,14,7,1,0,20000
1560,2.3,0,1,169,745,1364,1938,15,11,1,1,20000
821,1.8,1,0,109,253,1786,3185,8,4,0,0,10000
811,2.4,1,1,106,333,1429,2111,18,7,0,1,10000
1989,2.9,1,0,193,629,682,2369,7,0,1,0,30000
1034,2.7,1,0,120,707,1199,3625,17,1,1,1,10000
618,2.1,0,0,86,1314,1688,1051,13,10,0,1,20000
654,1.3,0,1,196,1715,1898,1036,17,4,0,0,20000
576,2.8,0,1,184,513,1438,2938,6,0,1,1,20000
667,0.6,0,1,185,13,1463,2855,5,0,0,1,10000
869,1,0,1,118,1243,1584,2727,13,3,0,0,10000
635,0.5,1,0,149,300,1059,2973,12,5,0,1,30000
609,3,0,1,117,58,1253,2581,15,11,0,1,10000
1557,2.8,1,0,123,1107,1442,2690,18,16,0,1,20000
1604,1.7,0,0,191,134,939,916,13,10,1,1,20000
1182,0.5,0,1,138,275,986,2563,19,17,0,0,20000
848,2.1,1,1,148,176,1029,3359,10,0,0,0,10000
1610,2.9,0,1,181,1236,1280,941,8,4,1,0,10000
1828,2.1,1,0,199,336,898,2280,17,14,0,0,30000
880,2,1,1,194,1116,1381,827,15,9,0,1,10000
1394,0.9,1,1,175,1010,1565,473,11,1,1,0,20000
1960,2.3,1,1,86,205,1299,3865,10,7,0,0,20000
809,0.8,0,0,91,1453,1726,1274,18,7,0,0,20000
899,0.5,1,1,172,788,1331,364,11,1,1,0,10000
1976,0.7,1,0,171,1301,1922,3699,17,11,1,1,10000
879,1.5,1,1,187,463,1038,2927,14,13,0,1,30000
916,2.6,0,0,195,188,992,1470,13,0,1,0,10000
763,1.7,1,1,92,1028,1186,1050,6,4,1,0,20000
508,1.6,1,0,162,1419,1920,2616,18,8,1,1,20000
825,2.9,1,0,99,1471,1866,2915,8,2,1,0,20000
1864,1.4,0,1,178,168,981,2686,11,7,1,1,10000
1725,0.5,1,1,185,1125,1195,1243,19,18,1,1,10000
1108,2.9,0,0,183,130,1706,3264,16,1,1,1,30000
1011,1.1,0,1,131,481,749,2261,7,6,1,1,10000
1703,1.5,1,1,138,1411,1711,2993,5,1,1,1,20000
1067,1.7,1,0,135,79,681,706,12,9,1,0,20000
1334,2.4,0,1,115,1187,1974,2542,10,1,0,0,20000
775,2.6,0,0,189,561,1510,2523,17,16,0,1,10000
1899,0.6,0,0,151,96,814,336,13,11,0,1,10000
930,1.3,1,1,97,77,1025,2457,11,7,1,0,30000
1058,1.5,0,0,166,493,1247,418,9,7,0,1,10000
1187,2.2,0,1,145,1173,1814,3917,13,11,0,1,20000
1874,2.7,1,0,166,964,1233,1246,8,1,0,1,20000
1482,0.5,0,0,142,634,642,2971,12,8,1,1,20000
1809,1.7,0,1,174,639,721,2324,10,6,0,1,10000
864,3,1,1,187,127,1670,3121,18,2,1,1,10000
625,1.9,0,1,191,431,550,3801,10,6,0,0,30000
1880,1.8,0,1,138,71,699,3333,17,15,0,0,10000
1138,1.4,0,1,187,111,1138,3475,19,3,0,0,20000
560,0.5,0,0,146,356,1903,2360,17,16,1,1,20000
1117,0.5,0,0,144,798,817,2895,7,6,1,0,20000
1712,1.4,0,0,137,747,1126,3652,16,1,0,0,10000
1836,1.7,1,0,134,408,1139,3097,5,0,1,0,10000
1036,2.4,0,0,119,373,926,2101,10,7,1,0,30000
1860,2.3,0,0,162,1362,1506,3918,9,2,1,0,10000
1375,1.1,0,1,145,475,726,3869,19,18,1,1,20000
1945,1.6,1,1,195,743,1753,732,14,1,1,0,20000
1896,0.5,1,1,141,447,794,3684,9,7,0,0,20000
788,2.5,1,1,91,42,1161,3969,12,8,1,1,10000
880,1.7,1,0,173,30,1350,1414,12,1,1,0,10000
1323,2.5,1,1,131,162,619,1892,10,0,1,1,30000
1868,2,1,1,169,347,660,3131,8,3,1,1,10000
1266,1.9,1,1,184,346,1468,2532,10,5,1,1,20000
1042,2.7,1,1,93,727,1705,3215,18,0,1,1,20000
1479,0.5,0,0,156,180,1476,3323,13,12,0,1,20000
1476,1.2,1,1,171,1641,1666,1529,13,8,0,1,10000
1552,2.2,0,1,123,269,1026,2403,9,2,1,1,10000
1454,0.5,1,0,83,250,1033,3419,7,5,1,0,30000
1007,2,0,0,95,1186,1529,3648,9,0,0,0,10000
652,2.4,1,1,173,77,559,1974,12,10,0,0,20000
1504,1.5,0,1,142,507,973,2806,7,2,0,1,20000
1726,0.9,1,0,193,379,1223,2239,13,9,0,1,20000
1029,1.9,1,1,171,264,956,582,15,7,1,1,10000
1582,2.8,0,1,112,1486,1797,3890,17,10,1,1,10000
1478,0.8,1,0,99,694,882,1141,5,2,0,1,30000
1178,1.3,0,0,101,579,596,2511,6,3,0,0,10000
707,2.1,1,0,131,495,574,3838,9,2,0,1,20000
755,2.8,0,1,186,315,990,2734,10,1,0,1,20000
912,2,0,0,161,329,1053,2330,19,5,1,0,20000
651,0.8,1,1,176,548,858,2244,14,9,1,0,10000
1483,2.1,0,1,176,531,758,1851,15,13,1,0,10000
914,0.9,0,0,100,191,1495,808,11,7,1,0,30000
1456,0.5,1,0,105,823,1104,1587,6,5,0,1,10000
1178,2.2,1,0,84,96,1352,2492,16,14,1,0,20000
1503,0.7,0,1,166,841,1304,2122,15,1,0,0,20000
1681,2.5,0,0,158,195,1205,1122,12,6,1,1,20000
715,2.3,1,0,160,21,562,3709,14,2,0,0,10000
1876,2.8,1,1,182,235,585,3021,12,2,0,0,10000
1190,2.2,1,0,186,1417,1441,624,9,3,1,1,30000
1755,1.3,0,1,134,286,1075,3937,8,1,0,1,10000
1197,1.3,0,1,149,649,1629,1797,19,5,1,1,20000
1048,0.9,0,1,194,966,1975,1458,5,1,0,1,20000
1887,3,1,1,126,1172,1798,3348,18,16,1,0,20000
1772,0.5,1,0,116,270,545,1834,5,2,1,1,10000
1421,2.8,0,1,165,781,1657,2775,13,8,0,1,10000
1464,0.5,1,1,153,418,1341,1277,13,6,0,0,30000
728,2.3,1,0,111,126,817,457,17,10,1,1,10000
954,0.5,0,0,134,228,1058,438,17,0,0,0,20000
685,0.5,1,1,82,1091,1203,3210,15,7,1,1,20000
1472,2.8,1,0,130,1452,1744,985,12,11,1,0,20000
853,2,0,1,200,674,740,3701,15,8,1,0,10000
1469,2.1,0,0,123,398,1133,1052,8,1,1,0,10000
1310,2.3,1,0,135,449,889,1175,16,0,0,0,30000
1654,1.8,0,0,146,1184,1719,1070,8,1,1,1,10000
902,0.7,0,0,134,675,1285,3411,12,11,0,1,20000
1448,1.4,1,0,156,1792,1850,1175,12,9,1,0,20000
1631,0.9,1,1,198,177,1905,301,13,5,0,0,20000
1608,1.8,1,0,183,1013,1158,489,15,11,0,1,10000
1991,2.7,0,1,145,1058,1325,1733,5,3,1,0,10000
1349,2,1,0,114,592,772,2756,11,3,0,0,30000
1589,2.5,0,1,195,810,1743,2612,8,2,0,0,10000
1844,2.3,1,0,158,533,882,1724,5,1,1,1,20000
712,0.5,1,1,84,558,1208,2190,16,12,1,1,20000
972,1.7,0,1,107,681,1050,1900,16,8,0,1,20000
1406,0.5,1,1,98,1017,1366,3915,9,8,0,1,10000
1289,0.9,0,1,178,765,899,1043,6,2,1,0,10000
932,1.3,0,0,154,1176,1224,3817,8,7,1,1,30000
1747,0.9,0,1,94,947,1131,2362,17,2,1,0,10000
1172,2.1,1,0,95,1314,1884,1107,7,3,0,0,20000
1128,1.4,0,0,84,609,1370,2982,14,9,1,0,20000
664,1.2,1,0,106,754,1497,2042,17,15,1,0,20000
513,0.5,0,1,186,619,867,1343,5,1,1,0,10000
1742,2.3,1,1,170,453,681,2610,12,3,0,1,10000
1512,1.7,0,0,162,205,884,2335,15,7,1,1,30000
1986,0.5,1,1,165,282,1358,1614,17,12,1,1,10000
965,1.5,1,0,109,130,998,1138,9,8,1,0,20000
1067,2.4,1,1,122,494,1989,604,16,14,0,0,20000
1583,1.6,0,1,118,275,862,3652,14,10,0,0,20000
1653,0.5,1,1,176,447,1785,3955,19,4,1,1,10000
1433,1.6,0,0,133,281,799,258,11,9,1,1,10000
765,2.9,0,1,153,6,793,1066,11,1,1,0,30000
1845,0.5,1,0,96,292,695,1731,9,5,0,0,10000
752,0.5,1,0,87,164,728,3860,7,5,0,0,20000
1948,2.8,1,0,100,631,1940,3630,9,7,1,0,20000
1077,2.5,1,1,174,897,1304,1965,6,2,1,0,20000
932,0.5,0,1,104,268,1078,1459,6,1,1,0,10000
1968,0.9,0,0,115,861,1259,2323,9,8,0,1,10000
1122,1.2,0,0,120,331,790,3291,11,2,1,1,30000
1588,0.5,0,1,159,1064,1594,3272,18,0,1,0,10000
601,2.1,0,0,101,509,548,918,9,1,0,0,20000
1615,0.5,0,0,132,622,1256,3488,16,2,0,1,20000
1589,2.2,1,0,128,957,1911,3961,16,14,0,1,20000
1417,2.7,0,1,114,494,1649,590,11,3,0,1,10000
1697,0.7,0,1,95,236,1264,3701,15,9,1,0,10000
1330,1.3,1,0,83,980,1262,463,14,6,0,1,30000
1476,0.5,0,1,148,1789,1972,3644,15,10,0,1,10000
1579,1.5,0,0,142,831,1484,1713,16,4,1,1,20000
1277,3,0,1,200,902,1090,429,9,4,1,1,20000
1089,0.9,1,1,145,636,1259,2765,13,12,0,1,20000
1663,2.5,1,1,169,831,1439,2084,7,1,0,0,10000
1949,1.8,0,0,186,518,592,1125,17,10,0,0,10000
1138,1.1,0,1,109,233,1777,2048,6,0,1,1,30000
685,2.7,0,0,174,725,870,1223,8,0,0,1,10000
1889,2.8,0,1,132,170,1106,3672,5,1,1,1,20000
857,2,1,0,195,157,948,3100,17,5,1,0,20000
1902,2.8,1,0,124,1142,1393,343,11,8,1,0,20000
1225,2.4,0,0,155,840,982,1970,16,8,1,0,10000
1066,1.6,0,0,131,401,1586,2728,6,0,1,1,10000
1554,0.5,1,0,124,395,1579,3635,7,4,0,0,30000
1337,0.5,0,0,186,48,644,2180,7,4,0,1,10000
1926,1.7,1,1,172,982,1157,2488,6,1,0,0,20000
869,1.3,1,0,104,478,539,3864,13,3,0,0,20000
1278,0.5,1,0,104,581,750,1155,7,1,0,1,20000
1773,2.5,0,1,170,1215,1472,3566,17,6,0,1,10000
1661,0.8,1,1,109,594,1337,864,9,8,0,1,10000
1438,2.2,0,1,176,683,1663,869,19,13,1,1,30000
1661,1.4,0,0,119,536,861,591,9,2,1,1,10000
1846,0.6,0,0,159,83,773,1333,15,6,1,1,20000
1260,2,1,1,123,905,1313,2208,12,11,0,1,20000
512,0.5,1,0,83,249,1849,2610,18,14,1,1,20000
581,2.2,0,0,185,803,1613,2819,19,17,0,1,10000
1872,2.3,0,0,134,459,1259,1955,9,4,0,1,10000
687,1.3,0,1,151,584,1151,3416,14,6,1,0,30000
1062,2.5,1,0,160,1596,1807,3803,7,3,0,1,10000
1678,2.3,1,0,192,418,1763,574,5,3,0,0,20000
1417,0.5,0,1,166,364,1029,2129,13,9,0,1,20000
1074,2.4,1,1,103,946,952,1948,13,1,1,1,20000
1832,0.7,0,0,90,186,654,2978,18,7,0,0,10000
1039,1.3,0,1,200,1428,1827,1619,7,1,1,1,10000
1059,2.4,0,0,134,1613,1916,3716,15,13,1,0,30000
1606,1.4,0,0,154,1127,1924,3454,13,8,0,1,10000
1928,1.8,0,1,187,691,1580,3777,7,2,1,1,20000
1875,0.5,1,1,91,1802,1942,2712,7,2,0,1,20000
1128,1.1,0,1,135,751,1582,1434,5,0,0,0,20000
1748,1.7,1,1,146,859,1234,3968,16,12,0,1,10000
1413,0.5,1,0,117,187,517,3383,16,5,0,0,10000
825,0.5,1,1,86,206,1917,3278,8,6,0,1,30000
1589,1.4,0,1,100,1673,1759,3970,16,8,0,1,10000
535,0.5,1,1,145,710,939,2674,14,8,0,0,20000
1780,0.5,0,0,190,1331,1463,2776,19,17,1,1,20000
1671,0.6,1,1,129,263,848,2336,10,4,0,0,20000
1821,0.9,0,1,114,97,1803,2430,7,4,1,1,10000
1076,2.6,0,1,119,129,915,891,18,3,1,0,10000
532,0.8,1,0,193,1213,1354,728,13,5,1,0,30000
777,2.6,0,0,148,189,1143,3886,14,10,0,0,10000
1217,0.5,0,0,182,628,632,1711,7,3,0,1,20000
1656,1.6,1,0,117,320,899,2856,14,3,1,1,20000
1185,1.9,0,0,152,837,1642,2447,16,2,1,1,20000
577,2.4,0,1,161,1087,1450,814,11,7,1,1,10000
737,2.4,1,0,193,781,1463,2951,7,0,1,0,10000
704,2.2,1,0,186,251,1013,3653,7,1,1,1,30000
525,0.5,1,0,137,262,1587,1891,18,3,1,0,10000
504,0.5,1,0,166,767,1665,701,17,15,0,1,20000
793,1.2,1,1,176,1226,1815,3139,6,1,1,1,20000
569,0.6,1,0,184,389,739,2811,7,6,0,1,20000
1590,1.9,1,1,160,920,963,1701,11,4,0,1,10000
707,0.5,0,1,194,1027,1508,1853,17,14,1,1,10000
767,1.9,0,1,185,271,1000,2445,6,1,1,1,30000
1350,0.5,1,1,181,369,544,2287,15,1,1,0,10000
1117,0.6,1,0,146,1258,1627,2003,8,7,1,1,20000
641,1.1,0,1,192,417,759,3595,7,5,1,1,20000
1002,0.8,1,1,83,1345,1416,1726,16,5,0,1,20000
1408,2.1,1,0,89,613,1088,3952,8,6,0,1,10000
1900,2,1,0,190,912,1596,850,5,1,1,1,10000
726,2.9,0,0,101,666,760,1446,17,2,1,0,30000
1544,2.3,0,1,113,236,857,1300,8,7,1,0,10000
1454,1.6,0,1,160,186,1100,719,14,10,1,1,20000
1230,2.2,1,0,123,416,676,988,11,5,1,1,20000
1552,1.2,0,1,180,430,658,2606,13,6,0,0,20000
1519,2.1,0,0,200,168,1239,2912,11,10,1,0,10000
723,1.9,0,0,102,1467,1901,2339,19,9,1,1,10000
1191,2.4,1,0,169,179,1813,1028,14,6,1,1,30000
1168,1.3,0,0,90,159,1578,3173,9,4,0,1,10000
1229,0.5,1,0,191,120,1878,1667,17,6,0,1,20000
1758,0.5,0,1,190,762,1864,1897,6,2,0,0,20000
1290,0.5,0,0,143,600,1109,1214,9,8,1,1,20000
574,2.8,1,0,90,286,1171,3269,8,7,1,0,10000
1271,0.5,0,0,113,1350,1949,445,15,14,0,1,10000
1170,1.2,0,0,83,27,1722,1073,6,4,1,0,30000
1269,1.3,0,0,118,1597,1920,665,18,5,0,0,10000
1288,2.8,1,0,121,1177,1809,3129,17,6,0,0,20000
1366,0.7,1,1,150,402,964,3501,13,11,0,0,20000
1572,0.8,1,1,169,577,1237,3461,6,3,1,1,20000
1627,0.9,1,1,180,52,1082,3206,12,6,1,0,10000
1701,0.5,0,1,115,364,828,3717,11,0,1,0,10000
1900,0.5,1,1,171,934,1241,3917,15,5,0,1,30000
1974,1,0,0,80,250,545,861,7,4,0,1,10000
1197,0.5,1,0,129,214,1710,2885,19,7,1,1,20000
587,2.3,1,0,170,612,1793,2777,9,2,1,0,20000
934,1.1,0,0,112,1111,1463,1017,12,7,0,1,20000
1195,2,1,1,82,163,1100,980,13,9,0,0,10000
1853,1,0,0,92,202,1951,2775,14,4,0,0,10000
1164,1,0,1,95,729,1704,3309,15,3,0,1,30000
1512,0.5,0,1,88,1079,1897,3607,12,10,1,1,10000
1232,2.9,1,1,169,361,809,1257,16,10,0,0,20000
1813,0.6,1,1,198,338,1306,759,9,3,1,0,20000
946,2.6,1,0,166,1698,1771,3720,15,7,1,0,20000
739,2.3,1,1,88,1052,1536,475,7,6,0,1,10000
704,2.7,0,1,80,1108,1509,1122,9,3,1,1,10000
1663,0.5,0,0,147,951,1545,1336,8,5,0,0,30000
1966,1.4,1,0,185,1197,1987,1185,11,2,1,0,10000
1219,1,1,0,196,473,1022,705,11,3,1,1,20000
612,0.7,0,0,181,1294,1337,3169,14,9,0,0,20000
1658,1.4,0,1,182,410,522,3483,10,1,0,1,20000
1263,0.5,0,0,175,178,1883,1183,14,3,0,1,10000
1395,2.8,0,1,118,782,1787,3373,11,2,1,0,10000
621,2.7,1,0,151,434,910,2801,6,1,1,1,30000
652,0.5,1,0,142,464,781,565,18,12,0,1,10000
1175,0.6,0,0,145,137,1501,3153,9,4,0,0,20000
561,1,0,0,163,492,1176,3421,16,2,1,1,20000
1137,2.2,0,1,173,1250,1285,316,15,14,0,0,20000
1835,2.3,0,1,193,385,583,448,18,17,0,0,10000
1170,2.9,1,0,169,427,684,2366,16,8,1,1,10000
1595,0.8,1,1,85,1024,1838,3881,14,10,0,1,30000
1719,2,0,0,122,240,904,462,6,3,0,0,10000
1770,2.3,1,0,128,886,1552,1480,6,1,0,0,20000
1312,0.5,1,1,163,1233,1854,1087,17,16,0,0,20000
1878,1.5,1,1,139,183,559,2711,8,2,1,1,20000
1871,2,0,1,81,88,1682,2144,13,12,1,1,10000
922,1.5,1,1,188,1016,1383,1165,19,6,1,1,10000
1975,1.5,0,1,128,80,655,2998,5,4,1,0,30000
1212,2.6,0,1,102,611,1715,2249,14,3,1,1,10000
1430,0.9,0,0,179,569,906,752,17,8,0,1,20000
1958,1.9,1,0,190,304,637,1409,16,5,0,0,20000
1836,2.1,1,1,184,276,1230,3072,7,3,1,0,20000
557,1.6,0,0,125,1131,1315,1305,12,8,0,1,10000
539,0.6,1,0,145,551,599,3597,14,5,0,0,10000
880,0.5,1,0,172,436,1302,3132,8,7,1,1,30000
1369,1.8,1,0,162,553,727,3856,18,4,1,1,10000
1109,2.7,1,0,98,1391,1787,1524,15,10,1,1,20000
843,1.8,1,0,166,981,1096,3673,12,1,0,1,20000
598,2.3,1,0,196,680,1173,3293,8,4,0,1,20000
972,2.7,1,0,126,687,816,3035,12,7,0,1,10000
1944,0.5,0,1,197,1060,1970,584,17,14,1,0,10000
1225,0.7,1,1,138,217,1101,2675,12,11,1,0,30000
644,1.3,1,1,114,1140,1654,2382,9,0,0,1,10000
1919,1.5,0,1,150,304,1191,1391,19,13,0,1,20000
501,2.3,0,1,131,504,1089,2346,13,12,0,1,20000
1620,2.2,1,1,185,832,1033,606,6,0,0,0,20000
1227,1.1,1,0,130,935,1781,1324,7,3,1,1,10000
1359,0.5,1,1,107,446,901,1076,16,8,1,1,10000
1914,0.7,0,0,118,942,1701,643,17,1,0,1,30000
1645,1.8,0,0,123,897,1308,783,10,8,0,0,10000
1063,1.1,0,1,101,1208,1232,3809,17,16,0,1,20000
946,2.1,0,1,154,159,630,2104,7,4,1,0,20000
1231,1.2,1,0,185,632,1184,1762,5,3,1,0,20000
1397,2.9,1,0,87,1308,1991,3137,12,1,1,1,10000
701,0.7,0,0,160,1002,1256,1756,6,3,1,1,10000
570,0.5,1,0,111,1331,1917,3663,14,10,0,0,30000
1993,0.5,0,1,147,150,510,2437,14,0,0,0,10000
955,0.5,1,0,143,1248,1511,1432,12,9,1,1,20000
924,0.5,1,1,167,108,1813,1620,17,15,0,0,20000
600,0.5,0,0,112,320,747,1655,18,0,0,0,20000
518,0.8,1,0,178,437,1947,2832,5,0,0,1,10000
1063,2.5,0,1,95,295,935,961,16,6,1,0,10000
920,0.5,0,0,149,1058,1421,2608,6,0,0,1,30000
1715,1.9,0,1,171,79,1652,514,7,4,0,0,10000
1841,1.3,1,0,167,593,672,2304,7,1,0,1,20000
543,0.5,1,1,132,693,1031,933,14,0,1,0,20000
1762,2.7,1,1,189,300,527,1896,14,10,1,1,20000
1112,0.5,1,0,121,234,739,3655,7,3,1,0,10000
709,2,1,0,136,1545,1596,1973,12,9,1,1,10000
1315,2.6,0,0,128,59,575,3278,6,3,0,0,30000
1762,2.5,0,1,107,1103,1364,2183,8,3,1,0,10000
1462,1.7,1,0,182,91,1478,824,15,5,0,1,20000
571,1.6,1,0,186,177,1282,2598,13,5,1,0,20000
666,0.5,1,1,81,58,1353,1254,15,9,1,1,20000
1994,1.5,1,1,146,447,1435,3622,7,0,0,1,10000
1583,2.1,1,0,148,942,1651,1704,17,13,0,1,10000
1778,1.4,1,1,132,88,516,1624,15,13,1,0,30000
1926,1.1,0,1,179,371,1000,3809,17,12,1,0,10000
966,0.6,0,1,117,1446,1754,2574,10,1,0,1,20000
568,2,0,0,179,181,1703,950,17,9,0,0,20000
1897,3,0,1,192,1311,1935,273,17,6,1,1,20000
1695,0.5,1,1,200,1791,1898,446,16,13,1,1,10000
1623,1.2,0,1,120,1568,1832,1510,12,10,1,0,10000
914,0.5,0,1,147,706,721,1122,12,9,1,1,30000
1721,0.5,1,1,128,871,1048,707,19,2,1,1,10000
890,2.2,1,0,198,1074,1873,751,7,3,0,0,20000
600,0.5,0,0,191,501,1465,3393,12,7,0,0,20000
1677,1.8,1,0,124,271,1477,3771,15,6,0,0,20000
723,0.5,0,1,168,920,1748,1851,15,3,0,0,10000
638,1.7,1,0,102,1171,1383,2735,7,2,1,0,10000
852,1,1,1,104,293,1159,2253,17,4,1,0,30000
1979,1.6,1,0,165,833,1630,452,13,6,1,0,10000
710,0.5,0,0,151,485,857,1419,12,11,1,0,20000
1034,2.6,1,1,190,182,1293,969,15,1,0,0,20000
600,2.5,1,1,145,207,1162,3441,19,1,0,0,20000
1027,0.5,0,1,103,1698,1747,3786,17,12,0,0,10000
1260,0.6,0,1,106,165,736,2710,13,1,1,0,10000
1793,1.8,1,0,169,1086,1418,3533,16,14,1,1,30000
675,2.3,0,0,144,192,757,1735,7,0,0,1,10000
658,2.7,0,1,103,1156,1750,3587,14,11,0,0,20000
1694,0.6,0,1,102,377,549,2298,17,5,1,0,20000
804,0.8,1,1,89,709,818,2027,11,5,0,0,20000
1713,2.5,1,0,127,729,974,2406,13,10,0,1,10000
706,0.5,0,1,108,543,938,2419,8,7,0,1,10000
1362,0.5,0,0,131,553,1505,995,7,6,1,1,30000
1527,2.7,0,1,154,526,1116,2078,5,3,1,1,10000
768,0.5,1,0,159,637,991,1145,19,1,0,1,20000
1314,2.9,1,1,155,113,577,626,10,4,1,1,20000
705,0.5,0,1,155,1114,1374,1509,15,11,1,1,20000
1403,2.7,0,1,164,461,1251,3371,13,9,0,1,10000
1486,2.6,0,0,85,1430,1747,297,13,1,1,0,10000
781,1.1,0,0,198,304,1674,3508,13,8,0,1,30000
986,1.5,0,1,183,471,800,2385,16,9,0,0,10000
1310,1.4,0,0,105,806,1016,1301,13,12,0,1,20000
560,2,1,1,81,80,1327,2167,11,10,0,1,20000
1348,1.3,0,0,116,204,501,3914,10,3,0,1,20000
1567,0.5,1,0,119,545,1621,2312,9,1,0,0,10000
1940,0.9,1,0,93,112,858,2297,14,6,1,0,10000
1979,2.9,1,1,176,1331,1532,411,8,2,1,1,30000
561,2.1,1,1,193,1055,1294,665,10,0,1,0,10000
1717,1.3,0,0,130,609,810,3226,6,4,1,0,20000
535,1.5,0,1,113,290,811,740,11,10,1,0,20000
1413,0.5,1,1,185,1039,1318,3878,19,16,0,0,20000
1358,2.5,1,0,135,1485,1655,3406,5,1,0,1,10000
1519,2.9,0,0,112,1122,1702,2440,9,5,1,1,10000
1254,1.2,1,0,108,462,1013,3959,10,4,1,0,30000
1591,2.2,0,1,154,1384,1883,3703,17,6,1,0,10000
977,2.8,1,0,165,1502,1862,3714,19,3,1,1,20000
1640,0.7,0,1,169,589,1301,337,16,3,1,0,20000
663,0.8,1,0,183,82,1605,3176,6,2,0,1,20000
1744,1,0,1,112,68,718,1205,18,7,0,0,10000
1624,1.6,1,0,150,689,699,2473,16,11,0,0,10000
1108,1.3,1,1,169,208,1742,1229,5,3,1,0,30000
1188,1.4,1,1,114,1339,1558,2896,12,11,0,1,10000
817,1.3,0,0,144,722,766,2039,11,6,1,0,20000
863,1.6,1,1,133,717,1799,520,10,2,0,1,20000
1397,2.4,1,1,121,433,1658,1378,18,15,1,1,20000
1108,1,0,0,140,1298,1666,3254,12,0,0,0,10000
1068,2,1,1,184,186,1998,1803,5,4,0,0,10000
1702,2.3,0,1,145,1397,1491,2501,16,12,0,0,30000
808,0.5,1,0,192,618,1891,3762,15,9,0,1,10000
1156,0.5,0,0,89,1214,1262,1796,16,6,1,1,20000
1271,0.5,1,0,159,613,650,990,14,11,1,1,20000
696,0.5,0,0,197,649,907,2630,18,8,0,1,20000
1981,1.9,1,0,175,193,1234,1380,10,1,1,0,10000
614,1.7,1,1,128,22,519,3487,15,6,1,1,10000
1590,0.6,1,0,122,1464,1595,1201,12,3,1,1,30000
1945,1.6,0,0,113,280,895,3015,6,1,0,0,10000
1135,2.8,1,0,158,690,1589,3204,18,13,0,0,20000
1049,0.6,1,1,172,39,1564,433,10,7,0,0,20000
1807,2.1,0,0,125,337,1384,1906,17,13,1,1,20000
984,0.5,0,1,98,1036,1611,898,16,8,1,0,10000
720,1.4,1,1,96,1347,1733,2799,5,3,0,1,10000
1536,0.8,0,0,105,22,1634,2020,6,0,1,0,30000
771,0.5,0,0,86,327,922,770,12,1,1,0,10000
503,2.5,0,0,185,778,1291,305,11,8,0,1,20000
675,2.4,0,0,187,482,874,2953,9,5,1,0,20000
1936,1.9,1,1,182,591,1089,1671,6,1,0,1,20000
1303,1,1,1,138,229,1604,2574,12,4,1,1,10000
1004,2.9,1,0,141,901,1162,3772,17,8,1,1,10000
1972,1.2,1,0,102,715,1648,2870,16,0,0,0,30000
1822,1.2,0,0,195,172,910,2577,9,5,1,0,10000
1159,2.8,0,1,83,681,723,2246,8,1,1,0,20000
1782,2.8,1,1,157,867,999,2405,15,0,0,1,20000
894,2.1,1,0,168,286,1300,3377,5,1,1,1,20000
1884,2.1,1,1,185,451,819,3619,14,8,1,1,10000
1648,0.5,0,1,142,1119,1238,1184,6,2,0,1,10000
798,2.4,0,0,96,526,643,2965,15,7,1,0,30000
802,2.4,1,0,157,1299,1633,3713,8,3,0,0,10000
1276,2.9,1,0,130,217,735,3798,19,10,1,1,20000
1331,1.6,0,0,165,1109,1226,1026,13,5,0,1,20000
1620,2.6,1,0,186,434,1339,1086,18,14,0,0,20000
1996,2.5,0,1,122,671,1445,2236,8,7,0,1,10000
1092,2.7,1,0,185,1404,1424,1303,12,3,1,1,10000
1018,0.7,1,0,155,856,883,3048,10,3,0,1,30000
545,0.5,0,1,131,381,1452,616,15,6,1,1,10000
554,1.3,0,0,105,85,806,3764,10,7,1,1,20000
1264,2.9,1,1,171,562,849,419,7,4,1,1,20000
1030,1.6,1,1,138,1111,1812,2858,6,2,1,1,20000
1432,1.7,1,1,164,209,947,504,14,4,1,0,10000
558,2.8,0,1,142,997,1605,392,10,5,1,1,10000
829,0.5,0,0,129,91,1916,820,12,6,0,1,30000
1741,1.8,0,0,143,730,1895,3387,11,3,0,0,10000
1849,2.3,0,1,144,606,1123,3447,14,11,0,1,20000
733,2.1,0,1,174,445,1409,1403,15,8,1,0,20000
1872,0.9,1,0,80,286,1484,2295,15,11,0,1,20000
1853,0.5,1,0,197,985,1005,1973,10,2,0,1,10000
1149,2.2,0,0,106,1617,1675,3755,17,14,0,0,10000
891,0.5,1,1,196,375,1724,2073,7,1,0,1,30000
1911,2,0,1,163,1795,1958,3872,9,8,1,0,10000
550,0.5,0,1,145,486,1930,302,18,5,0,0,20000
576,0.8,0,1,121,757,1518,1519,18,6,0,1,20000
1760,1.9,0,1,198,273,1704,2549,10,8,1,0,20000
969,2.4,0,0,124,491,589,404,18,5,0,1,10000
1160,1.1,0,1,166,762,859,595,18,4,0,1,10000
827,1.1,1,1,160,448,821,1663,14,0,1,1,30000
1786,0.5,0,1,161,231,1671,2764,9,3,1,1,10000
774,0.6,1,1,136,1713,1865,2614,7,0,1,1,20000
819,2.5,1,1,83,438,822,1094,10,5,0,0,20000
1042,2.2,0,1,139,68,1018,2826,18,0,0,0,20000
1368,3,1,0,97,698,829,2496,13,6,1,1,10000
1592,2.1,0,1,181,510,522,2103,19,8,0,0,10000
1067,1.8,1,0,146,965,1009,966,5,0,0,1,30000
1892,0.7,0,0,110,1399,1564,2172,17,14,1,1,10000
915,1.1,0,0,187,532,1448,905,19,10,1,0,20000
774,2.8,0,1,124,8,896,3916,8,1,1,0,20000
1848,1.4,1,1,179,154,605,3902,11,9,0,1,20000
1501,1.1,0,1,187,198,1056,2487,13,12,1,1,10000
1614,1.9,0,1,188,860,1330,3914,17,13,0,0,10000
911,2.9,0,0,181,461,670,363,9,5,1,0,30000
1520,0.5,0,1,199,109,1909,3233,13,3,0,1,10000
1647,1.4,1,1,102,193,1185,2532,16,14,0,1,20000
1347,0.9,1,1,108,961,1008,3836,15,3,0,1,20000
967,1.6,0,0,92,243,1642,3076,7,4,1,1,20000
1442,2.2,0,1,145,1626,1668,1513,11,8,1,0,10000
1204,2.6,0,0,199,480,1482,1724,11,2,0,0,10000
1320,2.1,1,1,144,123,1229,542,11,1,1,0,30000
1800,0.7,0,1,100,400,823,3481,10,8,0,1,10000
1567,2.1,1,0,153,190,1326,3991,15,2,0,0,20000
1439,0.9,0,1,147,626,932,1790,19,12,0,1,20000
1422,1,0,0,112,1,926,509,19,1,1,1,20000
1591,2.2,1,1,161,548,1641,282,10,9,1,1,10000
880,1.7,0,0,198,632,660,3006,6,4,0,0,10000
1929,0.5,1,1,163,349,1051,1913,12,7,1,0,30000
1642,1.6,1,0,102,1686,1889,1333,18,0,0,1,10000
1511,2.5,1,0,114,1455,1982,3746,10,0,0,0,20000
1312,1.3,0,1,163,95,893,3941,6,2,1,1,20000
1852,1.4,0,1,196,580,1163,3970,13,1,0,1,20000
972,1.3,0,0,82,297,589,3925,7,6,1,0,10000
691,2.7,1,1,108,951,962,424,5,3,1,1,10000
807,0.5,0,0,158,667,697,1284,17,13,1,1,30000
1113,0.6,1,0,145,1047,1312,277,11,2,0,1,10000
721,1.3,1,0,125,408,1862,1713,10,3,1,1,20000
1188,1.5,1,0,198,1150,1469,485,12,7,1,0,20000
1512,0.5,0,0,131,333,952,3002,6,5,0,1,20000
805,0.7,0,0,97,641,704,418,11,6,1,1,10000
918,0.9,1,0,123,653,671,1652,17,4,1,0,10000
1320,0.5,1,0,168,103,1583,2893,8,5,0,1,30000
1236,0.9,1,1,188,517,809,1406,14,12,0,1,10000
1387,0.5,0,1,98,785,1151,629,5,3,1,0,20000
1883,2.7,1,1,95,531,791,3724,16,15,1,1,20000
839,2,1,0,175,564,1391,3835,15,8,0,0,20000
1593,1,0,1,130,761,1336,1354,15,13,1,1,10000
1722,1,0,0,88,1179,1638,2376,5,1,0,1,10000
1954,0.6,1,0,126,673,690,3438,17,12,0,0,30000
1788,0.5,1,1,150,472,1073,2655,12,2,0,1,10000
1628,0.5,0,1,101,412,643,3361,16,10,0,0,20000
1965,0.5,0,1,84,977,1660,3535,17,0,1,1,20000
833,2.2,0,0,124,359,1395,2150,9,5,1,1,20000
571,0.6,0,1,141,224,783,2587,7,5,0,0,10000
1808,0.5,1,0,92,714,1208,2736,9,1,0,1,10000
1860,0.5,1,1,83,195,799,676,15,0,0,1,30000
1368,1.6,1,0,115,843,1145,2941,13,12,1,0,10000
1161,1.3,1,1,126,308,1169,3336,6,4,0,1,20000
1224,1.6,0,0,157,522,563,3796,10,5,1,0,20000
902,0.6,1,0,122,364,1360,3654,18,8,1,1,20000
787,0.5,0,0,93,806,1423,2934,8,6,0,1,10000
854,0.5,0,0,125,518,1152,2889,5,2,0,1,10000
1184,1.5,1,1,191,519,1577,3315,17,7,1,1,30000
1973,1.6,1,1,152,792,1181,1993,9,0,0,0,10000
510,1.7,1,0,120,382,1228,2509,17,2,1,1,20000
966,2,0,1,118,214,1523,3534,18,17,1,1,20000
1438,1.8,0,0,169,859,867,2246,14,11,0,0,20000
1986,0.5,0,0,95,342,774,3165,5,0,0,0,10000
1907,2,0,0,105,713,1513,286,14,4,0,1,10000
1489,2.4,1,0,200,172,812,776,7,6,0,0,30000
1843,1.8,1,1,134,118,580,3213,15,14,1,0,10000
825,1.5,0,0,94,540,783,716,11,4,1,0,20000
1286,2.3,0,1,98,18,662,424,10,5,1,0,20000
840,0.6,0,1,137,987,1081,3486,12,8,1,0,20000
757,2.3,1,1,163,535,697,3237,19,12,0,1,10000
814,1.1,1,0,177,1092,1406,1944,16,6,0,0,10000
1195,1.1,1,1,80,327,1001,643,14,2,0,0,30000
767,0.8,0,1,107,517,1995,2317,6,0,1,1,10000
1068,1.3,0,1,97,994,1500,1436,16,1,0,0,20000
994,2.8,1,0,173,491,530,3190,5,2,1,1,20000
1550,2.5,0,0,133,268,832,2338,16,1,1,0,20000
1878,0.5,0,0,85,210,1026,1334,18,7,0,0,10000
623,2,0,0,127,144,672,3657,17,3,1,0,10000
1829,0.5,0,1,160,729,1267,2080,16,11,0,1,30000
525,2.4,1,0,190,82,670,1609,16,11,0,0,10000
1065,0.5,0,1,89,188,928,3078,10,1,0,1,20000
1425,1.2,0,1,127,150,1897,590,13,2,1,1,20000
1296,1.4,1,0,129,1222,1382,2552,19,8,1,1,20000
642,2.8,0,0,197,331,1011,3355,12,5,0,0,10000
1664,2.9,1,1,177,1178,1929,1968,12,7,0,0,10000
1498,0.7,0,1,170,347,1076,3358,7,3,0,0,30000
981,1.9,1,0,136,75,688,1539,19,12,0,0,10000
1236,2.8,0,1,143,492,1403,942,16,12,1,1,20000
1673,2.8,1,0,187,65,734,3669,9,1,0,1,20000
712,1.6,0,1,172,881,1234,3612,13,5,0,0,20000
569,0.5,1,1,170,351,1159,2351,8,7,1,0,10000
603,0.7,1,1,156,1842,1968,604,10,4,1,1,10000
1332,0.8,1,0,187,758,1165,1285,5,0,1,0,30000
1413,0.6,0,1,128,1323,1481,515,5,0,1,0,10000
1064,2.9,1,1,184,1175,1569,654,16,13,0,0,20000
1444,0.6,0,0,82,1092,1554,2540,17,2,1,1,20000
1366,1.7,1,1,161,647,1876,3869,17,5,0,1,20000
906,2.1,1,0,136,1102,1793,3412,13,8,0,0,10000
1554,2.7,1,1,185,319,1367,509,12,3,0,0,10000
1187,2.3,0,1,122,215,1125,2547,10,3,1,0,30000
1156,2.7,1,1,173,945,1913,2735,16,15,0,1,10000
1918,2.8,0,0,139,381,1203,1369,9,6,1,1,20000
841,0.5,1,0,199,546,828,2942,11,5,1,1,20000
730,1.3,1,0,167,1096,1155,2812,10,1,0,0,20000
878,1.3,0,1,153,575,618,3497,9,7,1,0,10000
1059,0.5,1,0,182,519,1545,619,5,3,1,1,10000
1578,2.9,0,0,200,342,670,3483,17,4,0,0,30000
1829,1.7,0,0,112,291,563,1475,11,4,0,0,10000
1132,1,0,0,157,1091,1293,1950,11,2,1,1,20000
1652,0.6,1,1,198,352,1084,3592,7,6,0,0,20000
912,0.5,1,0,107,165,1723,3573,17,3,1,0,20000
1181,2.3,0,1,116,385,831,2020,6,0,1,0,10000
1497,0.7,0,0,92,1920,1933,1329,6,1,1,0,10000
1790,2.3,1,1,100,396,1980,3568,6,2,0,1,30000
1742,1.6,0,0,100,1134,1469,1947,5,4,0,1,10000
1549,0.5,0,0,158,721,1514,1998,12,7,1,0,20000
1372,2.7,0,0,193,687,937,725,11,3,0,0,20000
1112,0.5,0,1,190,777,1119,3302,11,0,1,1,20000
1005,0.5,0,0,133,176,1556,3884,17,0,1,1,10000
783,1.7,1,1,150,458,1263,1185,15,4,1,1,10000
1698,2.5,0,1,105,485,1819,1656,5,3,0,1,30000
899,2.7,0,1,192,641,1638,2870,19,16,0,1,10000
1062,1.5,0,0,151,798,1435,911,14,2,0,0,20000
989,2,0,0,166,256,1394,3892,18,7,1,0,20000
1983,1.2,1,1,125,370,1197,3897,12,10,1,1,20000
1800,3,0,0,87,191,1108,656,14,10,0,1,10000
1254,1.7,0,1,146,1571,1956,606,7,2,1,1,10000
868,1.7,0,0,83,276,1026,1653,11,7,0,0,30000
1205,0.5,1,0,175,573,614,860,14,1,0,1,10000
1284,2.8,1,0,155,160,516,2197,16,2,1,1,20000
626,0.7,1,1,187,90,1334,3458,7,5,0,1,20000
1763,2.9,1,1,101,138,806,2066,12,9,1,1,20000
694,1.8,1,0,193,983,1230,3676,12,8,0,1,10000
1265,0.6,1,1,90,275,687,1518,16,11,0,1,10000
816,0.5,0,0,198,149,558,1018,17,10,0,0,30000
904,1.8,0,1,168,42,507,1360,15,12,0,0,10000
979,0.5,1,1,164,793,1670,3449,5,2,0,0,20000
1531,2,0,1,162,625,765,2524,13,11,0,0,20000
934,2,1,0,182,521,1190,703,10,8,0,1,20000
1624,2.6,1,0,200,1530,1744,1251,13,4,1,1,10000
874,1.3,0,0,185,442,1248,582,6,4,0,0,10000
1027,2.2,0,0,102,152,714,1732,8,5,1,1,30000
1966,0.8,1,1,144,1242,1973,1252,6,4,1,1,10000
1048,1.5,0,1,182,29,1670,2146,11,10,0,0,20000
1496,1.9,1,0,126,501,506,1927,17,4,0,1,20000
959,1.7,0,0,155,87,736,3328,10,9,1,1,20000
1349,2.2,1,0,105,648,1019,2462,15,7,0,1,10000
1689,2.4,1,1,168,521,674,1172,12,11,1,1,10000
1558,2.4,0,1,146,120,1409,3598,9,2,0,1,30000
582,0.5,1,0,168,985,1420,2437,19,2,1,1,10000
1485,2.8,0,1,138,341,774,3271,14,12,1,0,20000
1991,1.8,0,0,94,751,1377,1511,17,8,0,0,20000
553,0.5,1,1,119,993,1517,2981,7,3,0,0,20000
1231,0.7,1,0,113,43,1663,3119,9,4,1,0,10000
805,0.8,0,0,88,1262,1538,3647,18,11,0,1,10000
764,1.2,1,0,152,361,511,3148,18,7,1,0,30000
894,0.9,0,1,130,104,541,2829,11,5,0,1,10000
1589,2.6,0,0,84,618,940,2373,11,9,1,0,20000
1456,1.6,1,1,80,815,1666,3998,6,3,1,0,20000
743,0.5,1,1,95,1587,1659,316,19,10,0,0,20000
1061,2.1,0,1,109,138,1330,999,16,12,1,0,10000
1428,1.6,0,0,153,584,983,1808,12,8,1,0,10000
674,2.8,1,1,93,750,772,589,18,6,1,0,30000
832,1.1,0,1,93,820,1366,3317,8,0,1,0,10000
1625,0.5,1,1,107,8,1219,670,16,3,0,0,20000
907,1.4,1,0,151,171,507,584,11,9,0,0,20000
1631,0.5,0,1,166,960,1735,2173,12,3,1,0,20000
1584,1.3,0,0,135,160,1291,1561,10,5,0,1,10000
1382,0.5,0,1,199,612,719,2073,16,7,0,1,10000
633,1.4,0,1,102,709,1915,1401,19,14,1,0,30000
1444,2.1,0,0,104,624,917,3764,14,9,0,0,10000
852,1.6,1,1,147,538,730,1275,13,7,0,1,20000
922,0.7,0,1,157,1295,1808,1464,17,4,0,1,20000
1745,1.5,1,1,159,1164,1908,2885,13,11,1,1,20000
862,2.3,0,1,107,829,1977,3458,9,4,1,1,10000
1754,2.1,1,1,101,199,1452,3019,11,6,0,1,10000
1008,2.5,0,0,109,825,1972,1083,6,4,0,0,30000
1569,0.5,1,0,147,519,930,3538,18,1,0,1,10000
1596,2.9,1,0,149,169,1190,2493,14,12,1,1,20000
1807,0.5,1,1,134,1734,1968,3726,8,5,0,0,20000
1660,2.8,1,0,184,76,1165,1531,12,0,0,0,20000
1861,0.9,0,1,148,1698,1877,601,7,5,0,0,10000
648,1.9,1,0,91,819,1997,2991,8,7,0,1,10000
1379,0.5,1,0,134,387,671,3912,11,2,1,1,30000
1910,1.7,0,0,115,985,1284,309,8,4,0,1,10000
1807,2,1,1,155,970,974,323,9,3,1,1,20000
1923,0.5,1,0,191,767,1759,1489,10,9,1,1,20000
1345,3,0,1,162,512,1465,1322,9,2,0,0,20000
904,1.6,1,1,102,56,760,1846,7,0,0,1,10000
1239,1.2,1,1,122,590,661,417,8,0,0,1,10000
1330,0.9,0,1,84,462,1304,3269,19,6,1,0,30000
516,0.7,1,0,138,126,698,3731,17,13,0,0,10000
672,0.5,1,0,95,578,1143,667,17,8,0,0,20000
892,0.5,0,1,94,655,1782,1241,12,3,0,1,20000
1778,0.5,0,1,101,1028,1445,3941,19,6,0,0,20000
1130,2.5,0,1,132,88,1261,1018,17,1,0,0,10000
1359,0.6,0,0,86,1692,1902,3142,19,3,1,1,10000
1866,2.5,1,1,89,358,1782,1444,7,4,0,0,30000
1597,2.3,0,0,89,64,1667,934,16,10,1,0,10000
1046,2.8,1,1,100,259,1040,3863,17,12,1,1,20000
1035,0.6,1,1,99,236,1960,3506,14,5,1,0,20000
1175,1.3,0,0,164,873,1394,1944,9,4,1,0,20000
1261,0.5,1,1,90,858,1591,348,14,9,0,1,10000
1068,0.7,1,0,124,1405,1910,550,12,8,1,0,10000
1713,3,1,1,104,237,890,971,11,10,0,0,30000
1688,2.5,0,1,170,650,864,3984,17,14,1,1,10000
1413,0.5,1,1,104,1949,1994,2973,17,8,0,1,20000
559,0.5,0,0,82,541,823,2019,10,4,1,1,20000
1483,2.6,1,0,146,361,1552,1587,9,4,0,0,20000
860,1.6,1,0,187,335,1463,1870,17,2,0,0,10000
1090,1.3,1,0,91,1638,1910,1352,5,1,1,0,10000
686,0.5,0,0,91,1109,1392,570,7,6,1,0,30000
818,1.3,0,0,177,111,510,546,12,6,1,1,10000
1456,1.6,1,0,193,1285,1427,3624,12,11,1,0,20000
774,0.5,1,1,188,1480,1731,2944,8,6,1,1,20000
1068,0.5,1,1,197,322,875,1209,19,12,1,0,20000
1373,1.9,1,1,141,1220,1348,2752,15,2,1,1,10000
1777,3,0,0,188,511,616,3868,5,1,1,1,10000
594,0.8,0,1,132,1011,1263,3087,16,4,1,1,30000
1524,2.6,1,0,124,629,635,947,11,4,1,1,10000
511,0.6,1,0,175,140,622,1484,9,7,0,0,20000
1402,0.6,1,0,87,1081,1767,347,17,0,0,1,20000
965,0.5,0,0,131,297,653,3227,12,6,0,0,20000
1270,2.3,0,0,104,1512,1716,3299,13,4,0,1,10000
919,0.5,1,0,159,275,570,1028,8,4,0,0,10000
1963,1,0,1,157,1136,1813,714,18,2,0,1,30000
1977,1.3,1,0,173,1145,1356,2641,8,2,0,0,10000
1881,2.2,0,0,158,477,1553,1229,12,0,0,0,20000
683,0.7,0,0,173,954,1985,2622,16,3,0,1,20000
772,2.6,1,0,100,741,1471,929,13,6,1,1,20000
536,1.4,0,1,135,547,705,1211,15,10,0,1,10000
1694,1.8,0,0,186,1194,1208,1653,7,5,0,0,10000
1633,1.7,1,1,111,146,906,511,9,0,1,0,30000
1371,0.5,0,0,167,471,663,3034,13,6,0,0,10000
551,2.8,0,1,172,169,1916,1414,6,1,0,1,20000
1221,0.5,0,1,139,1895,1976,2438,13,11,1,1,20000
1000,0.5,0,0,179,1537,1761,3744,11,1,0,1,20000
1986,2.7,1,1,162,236,1520,1377,5,3,1,1,10000
1119,0.5,1,1,164,821,915,3520,7,4,0,0,10000
1699,0.5,1,0,97,466,1768,3796,17,10,1,1,30000
1099,0.5,0,1,146,393,1096,1699,17,10,1,1,10000
1576,2.6,0,0,90,400,631,336,14,8,1,1,20000
950,0.5,0,0,156,774,843,1095,14,12,1,0,20000
1081,2.5,1,0,99,284,519,325,9,1,0,1,20000
606,2.5,0,1,146,465,1152,1223,19,12,0,0,10000
502,1.5,1,0,199,705,1810,1649,6,1,1,0,10000
957,0.7,0,1,160,38,1682,1898,12,4,1,0,30000
1658,1.4,1,1,159,51,739,2609,12,11,0,0,10000
1681,2.5,1,0,167,850,1005,2265,5,3,1,1,20000
1983,0.5,1,0,87,349,676,2775,9,4,1,1,20000
1753,1.2,0,1,113,387,1595,1445,17,16,1,1,20000
1632,1.4,0,0,132,706,1623,2614,5,4,0,0,10000
1949,1.4,0,0,145,951,1178,356,5,3,0,0,10000
1696,1.7,0,0,97,179,772,523,5,0,1,1,30000
688,2.5,1,0,131,426,1964,3745,17,1,1,0,10000
1104,1.7,0,1,199,653,1413,1229,6,0,1,1,20000
1122,2.8,0,0,184,1578,1963,1402,14,10,1,0,20000
504,0.5,1,1,172,280,1795,2085,13,5,0,0,20000
1154,0.5,0,1,156,251,1801,587,8,3,1,1,10000
1727,2.1,0,1,85,1463,1992,2457,19,13,0,1,10000
1674,2.8,1,1,89,1432,1649,2030,7,0,0,0,30000
1948,2.8,1,1,135,477,571,816,16,2,0,0,10000
1218,2.8,1,0,150,1122,1746,1667,10,0,0,0,20000
531,1.1,0,0,189,145,1903,2958,17,1,1,0,20000
1057,2.1,0,0,154,416,1055,3705,6,4,0,0,20000
576,1.2,0,0,162,847,893,2800,11,6,1,1,10000
1960,2.1,0,0,165,868,877,3773,11,9,1,1,10000
673,1.7,1,1,88,594,1088,2050,7,2,1,0,30000
718,0.7,1,1,88,518,830,1754,17,11,0,1,10000
864,1.7,0,1,103,663,1805,1904,12,8,1,1,20000
547,1.9,1,0,154,371,541,2705,17,3,1,0,20000
623,0.9,0,1,102,1749,1781,3537,16,13,0,1,20000
1793,0.7,1,0,154,586,722,1370,16,3,0,1,10000
1720,0.7,1,0,137,409,646,1222,13,2,0,0,10000
812,0.5,1,0,106,35,1309,3102,6,0,0,0,30000
980,0.5,0,1,160,1008,1758,2268,7,5,1,0,10000
643,1,0,1,187,442,1079,2648,7,5,1,1,20000
1925,3,1,1,175,983,1087,2173,7,3,1,0,20000
1408,2.5,0,0,151,875,982,3162,19,18,0,0,20000
1522,0.7,1,0,124,952,1191,1368,14,5,0,1,10000
587,2.5,0,1,111,244,1361,2746,10,4,0,1,10000
1959,0.5,1,0,191,65,1055,619,7,4,1,1,30000
1872,0.5,1,0,89,1749,1767,724,17,3,0,1,10000
1043,0.5,0,0,111,716,1626,912,16,9,1,0,20000
1809,0.5,0,0,123,433,1661,2784,12,6,1,1,20000
1703,0.5,0,1,92,134,521,793,7,3,1,0,20000
1095,0.5,0,0,197,179,1247,560,9,1,1,0,10000
1414,2.6,0,0,137,804,1564,312,5,2,0,1,10000
1659,2.5,0,0,88,787,1515,545,12,0,1,1,30000
1540,0.7,1,0,197,704,822,1591,19,0,0,1,10000
1342,1,0,1,86,991,1638,2746,15,5,1,0,20000
1189,2.3,0,0,198,379,932,893,9,6,1,0,20000
518,2.4,0,1,128,489,710,2514,16,12,1,1,20000
1449,0.8,1,1,144,1518,1883,1032,10,0,1,1,10000
516,1.1,1,1,91,855,1401,819,8,0,1,1,10000
1569,0.8,1,0,111,1261,1383,3672,15,2,0,1,30000
1312,0.8,1,0,156,115,1791,3833,14,13,1,0,10000
1893,0.5,1,0,179,1203,1432,1482,15,7,1,0,20000
1076,2.5,0,0,105,545,1300,2043,7,5,0,0,20000
530,2.6,0,0,118,818,1090,1229,16,11,1,0,20000
1044,2.8,1,0,129,42,1262,1816,17,16,0,1,10000
1330,1.1,0,0,126,1103,1637,2166,10,1,0,0,10000
1836,1.1,1,0,104,168,1068,2469,18,6,1,1,30000
1741,0.5,0,1,140,719,755,2575,13,10,1,1,10000
1869,2.6,0,1,152,163,874,1375,15,3,0,0,20000
1331,0.5,0,0,146,1162,1531,1732,6,2,0,1,20000
1655,0.5,1,1,105,626,1348,673,10,3,0,0,20000
605,1.5,0,1,162,329,656,2301,15,9,0,0,10000
1245,0.6,0,0,105,330,1434,2676,17,8,0,0,10000
1709,0.8,0,1,136,956,1292,1781,18,3,0,0,30000
846,2.6,0,1,123,1140,1983,2248,16,8,0,0,10000
1403,2.5,1,0,90,217,1623,921,14,13,0,0,20000
688,1.5,0,0,89,271,869,391,5,2,1,1,20000
775,2.5,1,1,185,444,1555,1719,19,3,1,1,20000
1154,2,0,1,159,1003,1827,3262,16,15,0,0,10000
1375,0.5,1,1,194,227,772,1947,15,13,1,1,10000
1827,0.8,0,0,130,253,1764,2693,8,3,1,1,30000
1697,0.5,0,1,90,88,1046,441,15,1,1,0,10000
741,1.5,0,0,178,334,594,1886,19,11,1,1,20000
1672,0.5,1,1,174,1281,1896,1267,17,4,1,0,20000
514,0.7,0,0,186,168,1320,687,6,0,1,1,20000
1375,1.3,1,0,105,898,1687,2890,17,1,0,0,10000
989,1.8,1,1,124,46,1069,1737,8,5,0,1,10000
1510,2.5,1,0,138,118,1170,887,18,6,0,0,30000
1266,2.6,0,0,86,1187,1595,398,16,8,1,1,10000
1396,2.4,1,0,138,1191,1347,2389,7,3,0,1,20000
808,2.3,0,0,161,526,1324,3431,15,6,1,1,20000
1542,2.3,0,0,182,346,966,3601,14,4,0,0,20000
745,0.6,1,0,102,89,1538,2459,14,1,1,0,10000
1735,1.9,1,1,148,137,846,3230,6,1,1,0,10000
586,0.5,1,0,188,1226,1389,3646,15,4,1,1,30000
1341,2.1,1,0,107,473,574,2200,18,14,1,0,10000
781,1.3,1,0,88,368,607,3862,17,10,0,0,20000
501,0.5,1,0,174,239,1636,3077,17,3,0,0,20000
1224,1.8,1,1,139,622,709,621,11,4,1,1,20000
1970,1.6,1,1,80,654,882,2372,14,12,1,0,10000
618,2.2,1,1,138,853,1781,2574,14,3,1,0,10000
1537,2.9,0,1,158,686,1305,2857,17,14,1,1,30000
1018,2.2,0,0,153,992,1433,3143,17,12,1,0,10000
1545,1.3,1,1,173,115,1352,3197,14,9,0,1,20000
1871,2.1,0,1,144,275,1966,2727,15,8,0,0,20000
1729,2.1,1,0,186,461,1178,1519,9,4,0,1,20000
680,2.1,1,1,131,1428,1500,2438,14,2,0,0,10000
1106,1.9,0,0,107,614,1212,2674,9,3,0,1,10000
635,0.6,1,1,97,193,989,2107,13,12,0,0,30000
618,0.6,0,0,143,1105,1602,2262,16,15,1,0,10000
1671,0.5,1,0,179,398,1263,815,16,6,1,1,20000
1562,1.2,1,1,105,480,728,2829,13,10,1,1,20000
1975,1.9,1,0,151,775,1607,3022,13,5,0,1,20000
831,0.7,0,1,134,1482,1490,2573,16,12,0,1,10000
1524,1.8,1,0,174,154,550,2678,16,5,0,1,10000
1528,1.8,1,1,129,454,1762,1282,11,9,1,1,30000
1447,2.5,1,0,155,737,1455,568,12,11,0,0,10000
1344,1.5,0,0,190,419,556,2074,8,1,1,0,20000
564,3,1,0,130,853,1737,2227,9,2,0,1,20000
921,0.6,1,0,83,1211,1229,1080,10,0,0,1,20000
1413,1.7,0,0,200,314,1606,2867,5,4,1,0,10000
831,2.4,0,0,86,172,1239,1075,12,11,1,0,10000
802,0.5,1,0,153,527,734,3063,17,13,1,0,30000
1923,1.3,0,0,86,874,1264,2479,9,2,1,0,10000
1193,3,0,0,196,674,864,2394,19,11,1,0,20000
904,1.2,1,1,112,657,1014,2814,13,3,0,0,20000
1285,2.4,0,1,140,475,500,2094,8,0,0,0,20000
1635,2.6,1,1,182,1209,1411,2315,10,1,1,0,10000
1923,1,1,1,154,15,525,2519,13,0,0,1,10000
1851,1.9,1,1,198,293,1967,735,7,6,0,1,30000
727,1.5,0,1,131,813,1377,1891,19,13,0,1,10000
1396,1.5,1,1,118,173,1843,1386,7,1,1,1,20000
877,1.3,1,1,135,457,652,3260,14,12,0,0,20000
696,2.4,0,1,103,533,797,2022,14,11,0,1,20000
1009,1,1,0,102,912,1043,1716,7,5,0,0,10000
1526,1.1,1,1,116,798,1418,3317,7,1,1,1,10000
987,2,1,0,192,412,565,1454,11,3,1,0,30000
1414,2.2,1,1,101,130,887,2290,13,0,1,0,10000
1732,0.8,0,0,172,201,656,3940,17,11,1,1,20000
1587,0.5,0,0,148,299,874,461,17,4,0,1,20000
1097,0.8,0,1,160,1277,1352,2219,15,6,0,1,20000
504,2.8,1,0,178,626,1195,470,6,0,0,0,10000
1159,2.7,0,1,80,378,751,2495,10,0,1,1,10000
1910,1.4,0,0,146,333,639,2944,8,7,1,1,30000
865,1.2,1,0,159,805,1804,2361,16,11,0,1,10000
1930,2,0,0,186,1901,1920,1783,17,3,0,1,20000
860,1.3,1,1,170,1573,1581,2832,13,7,1,1,20000
1268,2.9,0,1,182,360,912,931,11,5,1,0,20000
999,1.8,1,1,167,20,745,1344,17,10,0,0,10000
622,0.7,0,1,127,98,511,3916,13,1,0,1,10000
1250,1.4,0,0,182,703,1011,1882,14,1,0,0,30000
763,0.5,0,1,104,273,1278,2865,11,6,1,1,10000
1100,1.6,0,0,112,919,1344,757,12,2,1,1,20000
815,2,1,0,85,982,1291,3469,5,4,0,1,20000
618,0.5,1,1,88,879,896,2399,18,15,1,1,20000
553,2.2,1,1,136,1287,1892,3300,12,10,0,0,10000
673,2.2,1,0,84,1109,1247,2719,19,2,1,1,10000
563,2,1,0,115,211,684,3012,14,4,0,0,30000
1590,1.5,1,1,187,1058,1109,2836,6,5,0,0,10000
1031,2.1,1,1,121,532,1247,2385,11,7,0,0,20000
909,0.5,1,0,97,290,773,594,12,0,1,1,20000
1880,0.5,0,1,104,890,1019,2968,9,0,1,0,20000
1479,1.8,1,1,146,327,645,3762,12,10,0,0,10000
1271,1.5,1,0,161,1260,1788,892,15,13,1,0,10000
709,1.9,0,1,81,570,1422,467,17,11,1,1,30000
1744,2.8,0,1,158,621,1558,345,10,6,0,0,10000
1314,2.2,0,1,116,328,1858,3033,9,8,1,1,20000
1136,0.5,0,1,150,1307,1767,2110,9,5,0,1,20000
1039,2.7,0,0,125,497,618,3105,14,8,1,1,20000
1300,0.5,0,0,156,219,1037,874,15,3,1,0,10000
732,2.3,1,1,188,1163,1554,3681,19,3,1,1,10000
511,0.7,1,1,180,24,759,3865,8,3,0,1,30000
1092,0.5,1,0,167,468,571,737,14,4,1,0,10000
921,2.2,1,1,170,1272,1469,3153,8,2,1,0,20000
1030,0.5,0,1,147,503,551,2800,8,6,0,1,20000
1130,1.8,1,0,101,1495,1579,315,14,5,1,0,20000
1299,2.8,1,0,187,1333,1838,1412,13,1,1,1,10000
1009,2.8,1,1,115,267,1841,2286,19,8,0,0,10000
1735,1.8,1,0,140,149,876,2392,17,15,0,1,30000
1129,2.8,1,0,185,1070,1079,1857,8,4,1,1,10000
708,1.9,0,0,116,206,620,1419,10,6,1,1,20000
894,0.7,0,1,123,158,747,3305,12,7,0,0,20000
530,2.4,0,0,88,48,1012,959,17,7,1,0,20000
1481,2,1,0,105,249,522,2635,17,16,0,1,10000
1068,2.7,1,1,194,935,1499,1754,17,7,0,1,10000
1487,0.5,0,1,84,140,768,2563,18,4,0,0,30000
1524,2.5,1,1,96,184,740,1936,7,0,1,1,10000
1093,1.9,1,1,196,238,807,1869,8,5,1,1,20000
1816,1.6,1,0,186,800,1089,3637,11,7,0,1,20000
627,1.8,0,0,142,211,507,896,17,6,0,0,20000
989,0.7,0,1,132,670,804,2349,10,1,0,1,10000
1895,0.5,0,1,134,725,1335,774,15,4,1,0,10000
805,1.7,1,1,168,81,1544,3397,7,6,0,0,30000
713,1.6,0,1,181,1211,1378,485,10,6,1,1,10000
864,2.5,0,1,148,1362,1378,3964,13,8,1,0,20000
1177,0.9,0,0,181,945,1923,1887,8,5,1,1,20000
582,0.5,0,0,107,1043,1702,2977,6,1,1,1,20000
1898,1.8,1,1,185,444,739,2114,10,5,1,1,10000
1158,0.7,1,1,123,311,1796,1542,17,9,0,1,10000
1451,0.5,0,1,181,812,1456,3038,15,7,0,1,30000
1820,1.4,0,0,163,202,1884,2481,11,9,0,0,10000
984,0.5,1,1,140,531,707,841,18,15,0,0,20000
580,2.1,1,0,135,404,898,3565,12,11,0,1,20000
1263,2,0,0,146,954,1609,1958,9,6,1,1,20000
1237,0.5,0,0,87,274,603,2454,14,0,1,1,10000
514,1.6,0,1,172,956,1723,3392,12,8,1,1,10000
1515,2.6,0,1,184,1438,1593,262,14,4,1,0,30000
721,0.5,1,1,194,1446,1988,530,8,4,0,1,10000
603,2.5,1,0,126,692,1057,3703,13,1,0,1,20000
1426,2.5,0,1,109,777,1032,2562,5,1,0,0,20000
1820,1.7,1,1,161,1157,1951,574,10,2,1,0,20000
1215,1,0,0,130,454,1473,2632,7,1,0,1,10000
697,2.7,1,1,173,478,1477,259,12,6,1,1,10000
717,0.5,1,0,198,217,1106,688,10,7,1,0,30000
1348,2,1,0,145,468,741,2554,19,1,1,0,10000
1164,2.6,1,0,88,1107,1656,3859,11,10,1,0,20000
578,0.5,0,1,170,626,1134,2977,15,12,1,1,20000
1971,0.5,1,0,186,485,922,571,8,7,1,0,20000
1794,0.5,1,1,86,43,627,402,14,7,0,1,10000
1558,2.5,0,1,114,322,1385,878,16,5,1,1,10000
1597,0.9,0,1,85,880,1145,2130,8,3,1,0,30000
1240,1.6,0,0,146,1511,1756,3260,13,1,0,1,10000
1994,0.8,1,1,88,667,711,454,11,8,1,0,20000
1221,2.3,0,1,152,765,1899,2638,19,16,1,1,20000
989,1.6,1,1,156,614,679,2819,16,13,0,1,20000
1180,1.2,0,1,144,925,1252,1464,7,3,1,1,10000
718,2.8,0,0,113,1185,1387,1824,11,9,1,0,10000
1670,1.6,1,0,139,1706,1886,876,16,0,1,0,30000
534,2.5,0,1,164,347,1477,2706,7,5,1,0,10000
1566,0.5,1,0,126,1603,1930,659,14,9,1,1,20000
1935,0.5,0,1,124,806,860,455,9,2,0,1,20000
504,2.8,1,0,163,1207,1539,2378,17,11,0,0,20000
913,1.7,1,1,103,431,1144,2278,15,3,1,0,10000
1317,1.8,1,0,113,179,613,3436,16,13,1,1,10000
917,0.5,0,1,88,423,909,3424,19,2,1,0,30000
712,2.5,1,0,99,1131,1743,401,5,0,0,1,10000
1083,1,0,0,126,925,1469,681,19,18,1,1,20000
1039,0.6,0,1,136,62,544,3212,15,7,0,1,20000
1747,0.5,0,0,185,800,873,3105,7,1,0,0,20000
1449,0.5,1,0,105,211,947,2036,5,1,1,0,10000
1872,0.5,1,0,139,81,1389,3153,16,15,1,0,10000
1796,1.6,1,0,101,667,798,1642,9,4,1,1,30000
1097,1.4,0,0,181,405,519,509,15,12,0,0,10000
1562,0.5,1,1,172,678,1676,3465,16,11,1,0,20000
1433,2.3,0,1,153,1619,1651,3900,18,16,0,1,20000
740,1.8,0,0,123,935,1147,1105,7,6,1,1,20000
676,2.2,0,1,84,864,1011,2064,13,7,0,0,10000
503,1.8,1,1,131,1495,1688,3117,19,6,0,1,10000
1020,1.5,0,1,96,870,1613,1142,13,9,0,1,30000
896,1,1,1,111,1379,1469,1060,12,10,1,1,10000
1824,0.8,0,1,143,1055,1738,2381,14,1,0,0,20000
1512,0.6,1,1,134,220,1838,3366,7,3,0,1,20000
1053,2.9,0,0,126,419,1261,1339,17,0,0,1,20000
1944,1.8,1,1,87,1111,1362,2560,7,3,0,0,10000
1174,0.7,1,1,91,1097,1461,285,19,7,0,1,10000
627,1.6,1,1,131,447,819,2476,17,1,0,0,30000
1602,2.7,0,1,118,273,1062,1862,16,9,0,1,10000
1733,1.5,1,1,170,590,997,3488,6,4,1,1,20000
586,1.4,1,1,142,116,598,3178,9,7,0,1,20000
1528,2.4,0,0,156,306,564,733,15,0,1,0,20000
875,0.7,0,0,110,300,1316,756,14,5,0,0,10000
1602,0.6,0,0,170,1259,1746,3622,17,2,1,1,10000
1426,1.6,0,1,174,1573,1694,1277,14,9,0,0,30000
1370,1.4,0,1,158,1392,1783,3703,13,10,1,0,10000
609,0.5,0,1,81,113,1524,1905,16,3,1,1,20000
840,1.2,1,1,178,526,1728,2636,12,2,1,0,20000
991,2,0,1,158,1209,1678,2014,11,9,0,0,20000
1724,1.8,0,1,100,655,828,3056,18,16,0,0,10000
584,1.8,0,1,168,1123,1622,465,12,8,1,0,10000
860,1.3,1,1,141,692,979,3869,16,14,1,1,30000
1541,2.8,1,1,165,796,1052,1108,12,1,0,1,10000
615,0.5,1,0,130,1021,1958,1906,14,5,0,0,20000
912,2.8,1,1,84,995,1310,851,8,4,1,1,20000
1278,1.2,0,1,172,1244,1504,3142,11,4,0,1,20000
1365,0.6,0,1,125,293,970,1300,14,7,0,1,10000
1702,1,0,0,177,1240,1931,1430,8,6,0,0,10000
589,0.5,0,1,146,759,1858,362,16,10,1,1,30000
1347,1.5,1,0,95,398,1528,2456,13,0,1,1,10000
1644,2.8,0,1,137,358,791,2360,7,4,0,0,20000
956,1.9,1,0,133,403,1614,3700,10,0,1,0,20000
1089,1.4,1,0,153,211,1409,2620,7,5,0,0,20000
871,0.6,0,0,178,194,1437,437,14,7,0,0,10000
664,1.5,0,1,164,1076,1472,3774,11,5,0,0,10000
1874,0.6,0,0,192,1238,1418,1218,15,10,1,0,30000
1928,2.6,0,0,162,229,1004,696,14,12,1,1,10000
888,2.6,1,1,198,327,1683,3407,12,1,0,0,20000
1077,1.7,1,0,86,135,1892,3902,9,3,0,0,20000
1023,2.3,1,1,80,5,1744,2086,10,0,1,1,20000
1426,0.8,0,1,84,715,1163,1356,15,9,0,1,10000
831,1.7,1,1,177,511,621,1704,6,5,1,1,10000
1496,1.3,1,1,85,549,1383,3571,16,1,1,1,30000
1433,2.3,0,1,129,420,784,2132,18,15,0,1,10000
1095,2.6,1,1,103,838,1066,3209,13,11,1,1,20000
643,0.7,1,1,156,314,1400,2096,13,6,0,0,20000
1142,1.1,0,1,198,739,1766,1273,19,0,0,0,20000
730,0.5,1,1,112,62,846,3623,9,4,1,0,10000
1901,0.5,0,1,131,3,1662,368,5,1,0,0,10000
1510,0.6,1,0,135,963,1520,854,8,2,0,1,30000
1924,2.6,0,1,136,1438,1923,3646,10,9,0,1,10000
1825,1.1,1,1,157,1621,1773,3130,12,4,0,1,20000
1275,0.5,1,1,152,19,501,3784,13,4,1,0,20000
987,2.3,0,0,124,887,1274,3885,11,0,1,0,20000
1538,2.3,0,1,121,567,986,1494,18,10,1,1,10000
1965,0.5,0,1,149,584,676,2973,11,1,1,1,10000
808,1.9,0,0,185,496,974,1471,13,4,1,0,30000
712,0.5,0,0,86,1245,1309,2001,11,10,1,1,10000
1507,0.9,1,1,123,682,888,1486,15,3,0,0,20000
912,0.7,0,0,182,724,794,1321,7,2,1,1,20000
769,1.2,0,0,95,1384,1454,1877,18,2,0,1,20000
948,2.3,0,0,173,257,1654,3499,11,7,1,1,10000
507,1.9,1,1,142,17,1084,2124,6,0,1,0,10000
1384,2.8,1,0,82,983,1210,1221,18,12,0,1,30000
1766,1.3,0,0,194,439,1306,2316,19,2,0,1,10000
1407,1.8,1,1,170,925,1206,1068,6,0,1,0,20000
614,2.9,1,1,94,409,603,1930,13,12,0,1,20000
1972,2.9,0,0,196,293,952,1316,8,1,1,0,20000
1039,0.5,1,0,130,384,1878,1742,18,12,0,0,10000
511,3,1,1,125,149,1285,3265,14,7,0,0,10000
1811,2.5,0,1,98,447,568,2700,13,7,1,1,30000
1159,1.5,0,0,104,717,1206,2115,8,7,0,0,10000
1848,1.3,1,0,178,195,533,3915,9,7,0,1,20000
1988,0.5,0,1,94,153,696,3144,16,2,0,0,20000
1469,0.5,0,1,150,1699,1850,1571,17,16,0,0,20000
1423,0.6,0,0,131,501,640,2253,10,8,0,0,10000
1974,0.5,1,0,145,530,1496,1433,6,1,0,0,10000
835,0.8,1,1,128,396,1378,2583,15,2,1,1,30000
1429,0.6,0,0,151,670,1552,1817,6,1,0,0,10000
947,0.5,0,1,144,193,887,2915,17,1,1,1,20000
1446,2.8,1,1,178,351,1769,3340,8,0,1,1,20000
1332,1.3,1,1,168,846,855,2790,19,11,1,0,20000
1498,1.2,1,1,191,111,1167,577,14,12,1,0,10000
1576,0.9,1,1,173,1213,1386,3220,17,2,1,0,10000
1398,1.6,1,1,150,755,1284,3488,14,3,1,0,30000
1885,2.4,1,1,92,1406,1517,1277,9,6,0,1,10000
798,0.5,1,0,148,497,627,3593,14,9,1,0,20000
1436,2.5,1,1,124,1826,1836,2736,12,5,1,0,20000
1998,1.2,0,0,196,50,1356,2311,17,9,1,0,20000
1321,1.3,0,1,109,817,941,1464,7,6,1,1,10000
1021,1.3,0,0,192,901,1793,1355,6,1,1,0,10000
1339,2.3,1,0,123,212,1269,2382,6,4,0,1,30000
1210,1.6,1,0,111,329,1039,1886,16,0,0,1,10000
1949,0.5,1,1,145,837,1182,832,7,3,0,0,20000
882,0.7,1,1,151,248,884,751,19,11,0,1,20000
1549,1.5,1,1,113,632,1162,436,10,8,0,0,20000
1991,2.2,1,1,82,366,613,722,6,5,1,0,10000
796,0.5,0,0,114,174,518,1075,7,3,1,0,10000
1012,0.5,1,0,161,882,1195,2802,8,0,1,0,30000
1318,1.9,1,1,188,688,1591,1780,12,10,0,0,10000
1708,0.8,0,1,197,263,1345,1247,19,16,0,0,20000
598,0.8,1,1,117,118,764,3066,11,2,1,0,20000
541,2.3,0,0,200,1012,1226,403,11,2,0,0,20000
818,0.5,1,1,192,586,1552,2518,19,12,1,0,10000
1414,0.5,0,1,168,294,1233,1069,18,6,0,0,10000
601,1.7,1,1,169,818,1827,2651,14,8,0,1,30000
561,2.8,1,1,99,426,865,2974,15,12,0,1,10000
1616,2.3,1,0,100,151,1133,657,7,3,1,0,20000
1263,1.4,1,1,103,409,644,3372,18,13,1,0,20000
1604,1.9,1,1,93,641,1156,1464,15,9,1,0,20000
539,2,1,0,86,958,967,1326,7,4,1,0,10000
1071,2.6,0,0,199,1328,1970,3393,6,5,0,0,10000
826,0.5,1,1,135,354,530,323,17,3,0,1,30000
771,2.9,0,0,106,1709,1781,1628,9,3,1,0,10000
1811,2.9,0,0,132,1099,1553,2610,8,3,1,0,20000
1842,2.2,1,0,179,783,1227,3721,16,11,1,1,20000
1420,2.8,1,0,100,194,1393,763,17,1,1,1,20000
1763,0.5,1,0,184,238,1893,792,17,12,0,1,10000
1163,1.9,0,0,133,919,1076,1568,14,0,0,0,10000
1805,0.5,0,0,182,758,891,1276,19,4,1,0,30000
610,1.6,1,0,90,1039,1273,3472,10,4,1,1,10000
1533,1.1,1,1,160,1054,1393,2520,8,2,0,1,20000
1924,0.5,0,1,111,122,686,3423,13,3,0,0,20000
1801,0.5,1,0,120,100,1708,258,14,8,0,0,20000
1726,1.9,0,1,106,1221,1804,1868,16,7,0,0,10000
794,2.5,1,0,197,312,1376,2171,19,8,0,1,10000
1686,0.5,1,0,182,599,1073,780,11,10,0,0,30000
1444,2.1,1,0,103,1274,1340,712,17,5,0,0,10000
1004,1.6,1,1,160,62,581,1012,7,4,1,1,20000
1242,2.4,0,0,166,315,1796,318,11,10,0,0,20000
539,1.5,0,1,137,1123,1709,3948,18,11,1,1,20000
717,1.1,1,1,99,1878,1981,629,16,15,0,0,10000
1540,0.7,1,1,157,318,831,1161,11,8,0,0,10000
672,0.5,0,1,99,574,1267,1403,16,7,0,0,30000
1325,0.5,0,1,133,1353,1915,3707,19,3,1,0,10000
950,0.5,0,1,124,86,1681,1305,6,5,0,1,20000
948,1.5,1,0,119,340,1728,2926,17,13,1,1,20000
1328,0.5,0,1,144,602,1156,2674,7,2,0,1,20000
1447,0.5,0,0,184,963,1062,471,8,4,0,1,10000
1973,0.5,1,0,95,127,507,1724,12,10,0,1,10000
1731,2.3,1,0,171,142,1039,1220,9,3,1,0,30000
1617,1.5,0,1,111,274,1079,2754,19,10,1,1,10000
1791,0.5,1,1,110,371,682,594,17,8,0,1,20000
851,2.3,1,1,101,788,1007,1005,12,2,0,1,20000
856,1.9,1,1,115,395,1027,2439,6,3,1,1,20000
714,0.5,0,0,145,643,1527,2302,12,10,1,1,10000
951,0.5,0,1,81,854,935,1083,16,11,1,0,10000
1303,2.1,0,1,109,1335,1873,2219,9,3,1,1,30000
1550,2.7,0,0,126,1541,1619,1571,12,3,0,0,10000
1759,1.4,0,1,101,382,1163,2107,18,5,1,0,20000
1448,0.5,1,0,100,846,1144,593,9,4,1,1,20000
1987,1.9,0,0,119,960,1925,857,12,4,1,0,20000
908,2.1,0,0,95,154,941,3518,16,12,1,1,10000
820,0.5,1,0,160,468,694,1284,17,7,0,1,10000
904,2.7,1,0,147,1094,1496,545,19,18,0,0,30000
667,1.3,1,1,149,272,870,3566,9,5,0,1,10000
1109,2.1,0,0,173,165,1103,2821,13,5,0,1,20000
1333,1.4,0,1,183,394,1301,3442,18,16,1,0,20000
1352,2.4,0,1,92,629,1299,1309,12,1,0,0,20000
1600,2.5,1,0,88,831,1713,1179,10,3,0,1,10000
1454,1.4,1,0,80,903,910,1713,16,0,0,0,10000
1489,2.1,1,0,169,923,1759,1663,9,3,0,1,30000
1823,2.8,1,0,81,362,1250,1812,5,0,1,1,10000
1581,1,0,0,172,693,850,1384,19,9,1,1,20000
1672,1.7,1,1,172,1250,1435,1348,11,6,1,1,20000
1283,0.7,1,1,80,1135,1923,3957,17,15,0,0,20000
630,2,0,1,180,66,1448,1212,12,8,0,0,10000
659,2.2,0,1,151,924,1877,3925,8,1,1,1,10000
1811,0.5,1,0,115,204,1132,348,17,11,0,1,30000
688,2.5,0,0,109,376,1957,1382,12,7,1,0,10000
514,2.9,1,0,141,1083,1492,980,13,7,0,1,20000
1933,2.8,1,0,154,229,1473,838,14,2,1,0,20000
915,2,0,1,91,875,1316,378,11,6,1,0,20000
1006,2.2,1,1,135,35,991,909,18,4,0,1,10000
1134,0.9,0,1,92,18,903,3632,17,8,1,0,10000
599,2.9,0,1,186,103,646,3396,5,3,0,0,30000
973,0.5,1,0,196,105,588,1861,13,10,1,0,10000
1180,2.5,0,1,90,168,540,348,7,5,1,1,20000
1237,2.5,0,0,98,18,1004,2528,11,8,0,0,20000
659,0.5,1,1,169,659,730,2190,16,10,1,0,20000
1142,1.4,1,0,190,534,855,663,12,4,1,1,10000
1002,2.7,1,1,185,285,512,961,10,7,0,1,10000
1392,2.5,0,1,113,482,1098,1280,8,1,0,1,30000
602,0.9,0,0,141,1571,1717,2189,7,5,1,0,10000
1249,0.5,0,1,140,605,1193,531,18,10,1,1,20000
531,0.5,1,1,121,158,1657,2331,18,12,0,1,20000
1450,2.1,0,0,114,1573,1639,794,11,5,1,1,20000
1342,2.8,0,0,173,127,620,2644,7,2,1,1,10000
832,0.5,0,1,198,343,1431,1666,15,4,1,1,10000
867,1.5,0,1,159,289,724,2157,8,6,0,0,30000
1404,2.1,0,0,151,1703,1880,1196,10,6,0,1,10000
840,0.9,1,0,150,1482,1591,2072,10,8,1,0,20000
1368,0.5,0,1,91,907,925,1590,12,0,0,0,20000
1927,0.9,1,0,190,491,1506,2916,16,11,1,1,20000
1714,0.5,1,0,120,287,627,3707,5,1,0,1,10000
1201,0.5,0,1,198,1151,1723,726,11,4,1,0,10000
1796,2.3,0,0,184,1024,1363,3577,17,7,1,0,30000
1147,0.8,1,0,158,1085,1134,2627,18,3,0,1,10000
776,1.7,0,1,146,991,1803,685,15,11,1,1,20000
510,2.6,0,0,110,1052,1897,1693,6,2,1,0,20000
1045,1.2,1,1,175,1078,1564,2137,11,8,0,1,20000
1497,0.9,1,1,153,98,977,3696,9,0,0,1,10000
1425,0.6,0,1,89,396,1648,3771,10,3,0,1,10000
726,2.2,0,1,94,323,978,1342,16,11,1,1,30000
1576,2,0,1,148,410,1551,1379,17,1,0,1,10000
714,2.1,1,1,197,1750,1857,1164,15,12,1,0,20000
1595,1.9,1,0,88,1475,1988,908,18,13,0,1,20000
541,1,0,1,127,1836,1873,1019,19,9,1,0,20000
1617,2.6,0,0,113,283,676,3685,13,1,0,0,10000
1154,1.1,1,1,98,539,1240,1470,12,0,0,0,10000
1638,1,0,0,189,440,563,2299,19,9,1,1,30000
1150,2.7,0,0,151,397,800,999,6,2,1,0,10000
1254,2.3,0,1,149,204,1021,3011,7,4,1,0,20000
1806,2,1,1,117,347,727,3142,13,0,0,1,20000
603,1.5,0,0,114,1003,1284,1543,7,5,1,0,20000
1834,2.1,0,1,99,0,1987,3692,13,0,1,0,10000
520,2.3,0,1,145,264,519,2753,13,7,0,1,10000
565,0.6,1,0,158,543,703,2156,13,6,1,1,30000
1689,0.5,0,0,150,467,675,2637,8,4,0,0,10000
742,2.3,0,0,104,875,925,331,11,8,0,0,20000
1143,1.2,1,1,125,1116,1724,1214,12,5,1,0,20000
761,0.5,0,0,196,1325,1945,2248,19,3,1,1,20000
959,1.3,1,0,196,1313,1331,3073,19,1,1,1,10000
772,1.2,1,1,134,552,1802,422,7,6,0,0,10000
1015,0.8,0,0,102,335,679,2293,5,1,1,0,30000
1824,1.9,1,1,103,50,1105,3958,12,2,1,0,10000
1130,0.5,1,1,130,593,1327,432,6,1,1,1,20000
1183,0.5,1,1,120,268,1010,1152,8,3,0,0,20000
574,2,1,1,118,382,1364,1303,8,4,0,1,20000
1472,3,0,1,169,443,892,797,6,1,1,0,10000
1868,0.5,0,1,179,576,884,298,8,2,1,0,10000
1375,2.9,0,0,147,596,679,3847,8,0,0,1,30000
881,1,0,0,160,115,636,2110,18,9,1,1,10000
1742,0.5,1,1,176,356,1407,1921,9,2,1,0,20000
1225,0.7,1,0,107,10,1567,2423,17,11,0,0,20000
1970,0.5,1,1,132,1399,1684,1658,15,9,1,1,20000
1186,0.5,1,0,160,68,584,2361,17,8,0,0,10000
1762,0.7,0,0,157,643,790,1380,14,5,0,0,10000
1731,1.4,1,1,163,809,1988,3892,5,1,1,1,30000
852,1.8,1,1,160,683,1349,315,7,6,0,0,10000
848,1.5,1,1,151,56,527,2289,10,2,1,1,20000
1575,2.5,1,1,185,492,818,2182,7,3,1,0,20000
1554,2.8,1,0,105,699,1492,2184,13,9,0,1,20000
1972,1.6,0,0,92,290,804,2872,7,2,0,1,10000
827,0.6,1,1,87,23,826,2367,5,3,0,1,10000
1063,1.5,0,0,155,394,849,1919,12,10,1,0,30000
1695,2.3,1,0,84,713,1742,3296,17,6,0,0,10000
1343,2.4,1,1,81,1063,1205,462,18,7,1,1,20000
834,0.5,0,1,123,1421,1463,1591,11,9,1,0,20000
595,2.6,0,1,122,623,816,1593,19,11,0,1,20000
1081,1.9,1,1,101,83,816,2456,7,4,0,0,10000
911,1.4,1,0,199,1563,1692,2933,16,3,1,0,10000
844,2.2,1,1,197,777,1995,3154,14,11,0,0,30000
1335,3,0,0,180,83,559,3615,5,2,0,0,10000
1883,1.6,0,0,87,203,915,3563,17,10,0,0,20000
1128,0.5,1,0,147,938,1226,1440,17,15,0,0,20000
826,2.4,1,1,117,1077,1183,1907,15,14,0,0,20000
1650,2.3,0,1,89,773,881,324,14,10,1,1,10000
1162,1,0,0,104,332,866,1404,10,3,1,1,10000
1517,2.5,0,1,169,570,1645,2738,18,16,0,0,30000
963,0.5,0,1,156,742,821,2722,12,6,0,0,10000
1837,1,1,1,103,1420,1539,2294,8,7,0,1,20000
1028,2.8,0,1,193,1801,1923,1424,18,4,0,1,20000
1831,2.2,1,0,189,1693,1790,1133,14,3,1,0,20000
571,2,1,1,101,31,1536,555,19,10,0,1,10000
1770,2.3,0,0,183,1098,1373,3785,13,10,0,1,10000
970,1.3,1,0,84,1765,1786,3675,12,0,0,0,30000
642,0.5,0,1,86,887,1775,435,9,2,1,0,10000
622,1.9,1,0,193,760,1964,3183,5,0,1,1,20000
600,1.8,0,1,199,486,1032,3495,17,4,1,0,20000
1412,0.6,0,0,86,2,660,1853,15,10,0,1,20000
733,0.8,0,0,138,202,1787,2648,12,0,1,0,10000
1070,3,0,0,160,90,1614,2647,14,13,1,0,10000
875,0.7,1,0,146,469,853,702,19,15,1,1,30000
1994,0.7,0,0,189,86,1546,1836,12,11,0,0,10000
823,1,1,1,182,1180,1350,3894,13,10,1,0,20000
1908,0.5,0,1,111,140,1046,2944,19,17,0,1,20000
790,0.5,1,1,89,1100,1437,3424,13,11,1,0,20000
1330,1.8,1,0,177,194,892,2678,9,4,1,1,10000
1660,0.5,0,1,100,440,569,2424,12,5,1,0,10000
1776,2.2,0,0,82,1563,1803,2671,15,10,1,1,30000
1611,0.5,1,1,199,163,1011,3078,15,2,0,1,10000
1410,0.5,1,1,92,192,1311,2304,18,4,1,0,20000
1772,1.6,0,1,159,837,1405,1146,6,1,1,0,20000
1280,1.3,0,1,108,356,588,2335,6,4,0,1,20000
1712,0.9,1,0,155,155,663,1422,5,0,1,0,10000
1562,0.7,0,0,140,1032,1776,2096,15,3,0,0,10000
891,1.9,1,1,153,40,1435,1303,17,16,1,1,30000
1957,1.2,1,1,151,1194,1727,1115,16,2,0,1,10000
1110,0.6,0,0,192,1179,1262,456,12,8,1,0,20000
875,1.4,1,1,104,902,969,3396,14,2,0,0,20000
1211,1.2,0,0,130,58,963,2750,6,1,1,0,20000
769,0.5,1,1,112,1385,1780,941,15,8,0,1,10000
671,2.9,0,1,95,614,1617,2278,13,4,0,0,10000
1872,0.5,0,1,172,672,1088,2273,8,4,0,1,30000
1076,2.3,1,1,191,1088,1718,2355,17,16,1,1,10000
1325,1.9,0,0,146,499,695,2328,17,10,0,0,20000
911,2.2,1,1,182,157,763,2638,8,4,1,1,20000
1273,0.7,0,0,178,485,1399,558,8,5,0,0,20000
1062,0.5,0,1,124,571,817,1345,16,0,0,1,10000
1317,1.5,0,0,154,431,542,425,7,0,1,1,10000
940,2.9,0,0,115,499,1090,2192,15,13,1,1,30000
729,2,0,0,135,563,1055,3397,19,15,0,1,10000
1494,2.4,0,1,93,944,1003,1208,14,13,1,0,20000
1546,1.6,1,1,124,1138,1491,267,12,10,1,0,20000
1253,0.7,0,1,113,161,647,3518,7,3,1,1,20000
895,0.5,1,0,164,126,1575,3122,7,0,0,1,10000
793,1.9,1,1,124,15,1196,1050,11,9,1,1,10000
1628,1.8,1,0,136,500,1713,3358,17,11,1,1,30000
625,2.7,1,0,138,203,1771,2929,10,4,0,0,10000
1110,1.5,0,1,153,961,1950,624,9,7,0,0,20000
999,1.7,0,0,132,608,1970,1598,7,0,1,0,20000
1856,0.5,1,1,155,277,1155,2052,17,6,1,0,20000
1715,2.6,1,1,120,114,1849,1249,16,2,1,0,10000
1897,1.9,0,1,154,630,738,412,17,11,0,0,10000
1202,2.4,1,0,122,404,1742,595,19,0,0,0,30000
1171,1.7,1,0,167,248,755,263,6,5,0,0,10000
964,2,0,1,86,225,1234,2577,17,16,1,0,20000
1973,2.4,1,0,193,699,851,639,6,0,0,1,20000
1992,0.6,1,0,141,649,895,3206,10,9,1,0,20000
546,2.6,1,0,159,416,1658,1550,7,2,1,0,10000
1093,0.5,0,1,171,1310,1420,1646,12,0,1,0,10000
1880,2,0,0,200,930,1983,1930,17,7,1,0,30000
1765,1.1,0,0,87,835,1175,3695,6,5,0,0,10000
1640,0.5,1,1,87,664,1806,3235,6,1,0,1,20000
1830,0.5,0,0,191,460,1583,2334,8,7,1,0,20000
826,0.6,0,0,187,778,1615,1998,17,4,0,0,20000
1864,2.2,0,1,142,225,1545,2258,10,1,0,0,10000
586,0.6,0,1,121,785,1118,1869,12,2,1,1,10000
1206,3,1,1,127,1581,1713,1825,7,1,0,1,30000
832,0.5,1,1,165,9,1944,3946,12,5,1,1,10000
848,2.8,0,0,103,7,1294,436,10,6,1,1,20000
1851,2.9,0,0,112,174,1175,2678,6,0,0,0,20000
1166,0.5,0,0,80,437,638,3887,8,6,0,1,20000
1776,2.1,1,0,172,278,623,1813,16,13,1,1,10000
1254,1.2,0,1,134,1288,1372,817,14,1,1,1,10000
1494,1.6,1,1,101,979,1190,3614,15,12,0,0,30000
984,2.2,1,1,119,56,1931,2013,11,7,1,0,10000
1179,0.8,0,0,154,913,1429,543,8,7,0,1,20000
513,1.9,0,0,174,282,710,3400,16,6,1,1,20000
557,0.5,1,0,89,322,710,2623,17,16,0,0,20000
744,1.7,1,1,105,1252,1963,2700,9,3,0,0,10000
1129,0.8,1,1,116,1128,1702,1400,11,0,1,0,10000
1148,2.3,1,1,170,606,688,3127,10,7,0,0,30000
1793,2.7,0,1,175,655,1459,2803,19,9,1,1,10000
1310,2.3,1,0,150,954,970,2518,18,17,1,1,20000
1604,1.2,0,0,191,68,1042,3564,7,2,1,0,20000
1676,1.6,0,0,145,134,1197,2515,14,8,0,1,20000
1001,2.8,1,0,117,922,1836,3654,13,9,1,1,10000
1086,2.7,0,1,135,1874,1976,3930,17,1,1,1,10000
1986,0.5,1,1,89,251,599,3476,11,8,1,0,30000
634,0.8,0,0,192,1362,1853,3242,18,11,0,1,10000
502,0.8,0,0,82,281,1159,2666,5,4,1,0,20000
1641,1.1,0,0,97,224,1994,1695,13,6,0,1,20000
623,1.4,1,1,189,778,844,3510,14,4,0,1,20000
962,1.1,1,0,161,546,1424,3438,14,3,0,0,10000
1057,2.7,0,1,97,397,891,2033,16,9,1,0,10000
1862,1.5,0,0,182,386,1046,1017,11,3,0,0,30000
555,3,1,1,193,214,1970,1686,8,1,0,1,10000
1000,2.7,0,1,135,461,833,862,7,0,0,0,20000
841,0.5,0,1,81,125,675,957,6,5,1,0,20000
865,2.9,0,0,89,335,1009,3494,13,3,0,1,20000
999,2.6,1,1,165,342,1641,3083,8,4,1,1,10000
1232,1.2,0,0,131,625,761,1656,8,4,1,1,10000
1194,2.3,0,1,165,494,509,313,15,1,1,0,30000
612,0.5,1,1,179,1145,1487,3282,16,2,1,1,10000
1362,2.9,0,0,186,600,1042,3629,19,17,1,1,20000
1469,1.7,1,1,169,484,711,1687,15,5,1,1,20000
986,0.8,0,1,182,199,679,1149,8,7,1,0,20000
1843,2.8,0,1,104,21,832,3899,5,4,0,1,10000
1561,0.5,1,1,134,885,1811,1783,13,12,1,0,10000
1695,0.5,1,1,189,308,1208,1629,8,6,1,0,30000
667,2.6,1,0,185,1015,1947,2528,11,8,1,0,10000
1768,2,0,1,88,1303,1814,3256,9,6,1,0,20000
1269,2.8,1,0,180,406,1036,2341,10,9,0,1,20000
1109,2.8,1,0,151,124,833,2785,15,10,0,0,20000
936,0.5,1,1,164,150,1677,3761,13,1,0,0,10000
1713,2,0,1,199,108,1963,1513,15,6,0,1,10000
1175,1.7,1,1,167,90,557,2240,10,6,1,0,30000
1940,1,1,1,194,588,1809,820,19,18,1,1,10000
855,0.5,0,1,159,1028,1196,1875,16,8,1,1,20000
771,0.5,1,1,157,776,1247,920,16,2,1,1,20000
645,2.5,0,1,174,278,584,3615,18,8,0,1,20000
1307,1.8,0,0,88,897,1103,1412,16,9,0,1,10000
1948,2.9,1,0,136,651,700,361,6,1,1,0,10000
1509,0.6,1,0,81,1010,1684,1540,12,8,1,0,30000
626,2.8,1,1,109,737,1759,1077,6,1,0,1,10000
1190,2,1,0,93,1399,1646,3610,13,7,0,1,20000
1727,2.1,1,0,158,376,1288,512,5,2,0,0,20000
1670,3,0,0,114,1117,1330,3024,6,0,0,1,20000
1150,0.5,1,1,134,234,1947,1610,11,0,0,0,10000
1208,2.9,0,1,175,691,1028,2201,17,16,0,0,10000
1812,1.3,1,1,162,380,1550,3338,18,13,1,1,30000
770,1.5,1,0,196,603,1483,3473,7,3,0,1,10000
1559,1.3,1,1,114,117,681,2203,7,5,1,1,20000
1902,0.5,0,0,155,766,877,940,14,10,1,0,20000
1751,2.5,0,0,146,1499,1952,1155,19,14,1,1,20000
1416,1.8,1,0,93,1175,1578,3872,10,2,0,1,10000
1288,0.5,1,1,115,988,1503,1882,16,6,0,1,10000
1003,2.9,0,1,119,190,1905,1798,16,7,0,0,30000
1715,0.5,1,1,96,674,1375,2598,17,2,0,0,10000
1967,0.5,0,1,199,518,1374,1567,15,2,1,0,20000
962,1,1,0,125,1618,1916,1491,16,2,0,0,20000
1487,1.5,0,1,120,857,989,2003,12,4,0,0,20000
1569,1.6,1,1,190,371,665,3905,6,2,0,0,10000
1146,3,0,1,111,73,583,291,19,9,1,1,10000
1379,1.5,0,1,118,98,755,1693,11,4,0,1,30000
1504,1.9,1,1,152,395,1853,1788,13,11,0,1,10000
1945,1.2,0,0,112,1064,1540,3322,18,7,0,1,20000
1630,2.8,1,1,80,712,1726,1751,12,10,0,1,20000
1125,2.7,0,0,117,774,939,1641,14,8,1,0,20000
614,0.7,0,1,178,1012,1040,2854,10,7,0,1,10000
854,1,0,1,101,730,1148,3115,7,0,0,0,10000
1470,1.7,1,0,121,777,1090,3259,10,1,0,1,30000
1826,0.5,1,1,172,973,1633,1612,17,9,1,0,10000
807,0.5,1,0,127,245,829,2319,5,4,0,0,20000
1996,2.8,1,1,138,937,1083,1258,17,14,0,0,20000
1083,2,0,0,158,937,1164,1543,18,3,0,1,20000
1035,0.5,1,1,178,574,1171,3991,12,4,0,0,10000
1521,1.6,0,1,143,678,1630,3555,5,2,0,0,10000
1314,2.8,1,1,87,82,512,3411,17,16,0,0,30000
535,1.9,0,0,190,398,1775,524,9,3,0,0,10000
673,1.9,0,1,142,1096,1570,3541,18,17,0,1,20000
1219,1.6,1,0,169,1419,1698,1998,9,2,0,0,20000
1606,0.5,1,1,200,157,770,3437,11,1,0,0,20000
1603,0.5,1,1,114,430,1207,1637,17,3,0,1,10000
1958,0.5,0,1,153,1524,1848,3064,7,6,0,0,10000
695,0.5,0,1,196,1649,1829,2855,16,13,1,1,30000
1441,0.6,1,1,106,254,954,1393,9,4,1,1,10000
1470,2.2,1,1,138,1790,1988,1633,18,4,0,0,20000
1890,1.1,0,1,127,1438,1832,2392,10,4,0,1,20000
1152,2.1,1,1,82,1304,1673,3284,15,2,0,1,20000
1619,0.9,0,0,117,813,1180,464,7,5,0,1,10000
1002,1.8,0,0,180,948,1007,1234,19,13,1,0,10000
742,0.5,0,1,139,1161,1288,292,8,0,1,1,30000
1306,2.1,1,1,174,867,1258,2521,6,5,0,0,10000
1424,2.9,1,0,180,181,1199,2658,15,0,0,0,20000
942,1.4,1,0,91,754,1532,587,6,3,1,1,20000
1934,2.7,0,1,118,242,1127,2190,18,1,0,1,20000
1290,1.4,1,1,110,405,742,879,16,2,0,0,10000
930,2.1,1,0,80,1569,1763,1743,7,1,1,0,10000
1699,0.5,0,0,156,105,1099,1181,16,0,1,0,30000
1849,0.5,0,0,181,978,1986,3330,14,4,0,1,10000
1922,0.5,0,1,153,725,1882,3564,12,1,0,0,20000
548,1,1,1,146,657,1657,562,17,14,1,1,20000
916,0.5,0,1,82,1147,1393,1659,11,10,1,0,20000
1783,0.5,0,0,183,910,1566,1816,12,7,0,1,10000
1083,1.4,1,1,156,295,503,1338,16,8,1,1,10000
1698,2.8,0,1,131,26,508,2992,15,3,1,0,30000
1969,0.8,1,1,85,332,764,315,16,7,1,0,10000
869,1.9,0,0,197,519,533,3249,19,0,0,1,20000
1337,2.7,1,0,200,161,1029,3242,10,1,1,0,20000
637,0.8,1,0,194,1080,1289,2725,15,10,0,0,20000
833,0.6,1,1,145,649,1290,586,19,8,0,1,10000
1248,2.4,0,1,89,71,1686,2454,9,8,1,0,10000
1174,0.9,0,0,147,744,1244,804,17,14,1,1,30000
1831,2.3,0,1,148,437,1113,2460,10,5,0,0,10000
1002,2.6,1,0,146,115,1111,1295,18,15,0,1,20000
1010,2,1,1,139,547,957,2625,15,11,1,0,20000
1117,0.5,1,0,177,495,1035,1999,15,9,0,1,20000
990,2.7,1,0,153,1466,1717,2698,11,8,0,0,10000
1564,1.4,0,1,129,117,1115,3742,13,3,1,0,10000
1065,2.8,1,1,158,760,1722,1193,16,13,0,1,30000
1982,1.1,0,0,129,764,1873,3511,16,14,1,1,10000
1607,1.1,1,1,192,776,1005,885,11,1,1,0,20000
1066,3,1,1,167,53,1504,1044,8,7,0,0,20000
681,0.5,1,1,194,371,1702,2548,6,1,0,1,20000
1163,2.1,1,1,132,728,818,2940,13,0,0,1,10000
1285,0.8,1,1,199,1791,1896,3966,17,15,1,1,10000
753,0.5,0,1,121,606,1316,3484,11,10,0,0,30000
1779,2.6,1,0,90,1225,1717,1246,12,2,1,0,10000
987,1.9,0,1,83,419,736,2757,17,12,1,0,20000
511,0.9,1,1,136,367,1264,2378,18,3,0,0,20000
1044,1.8,0,1,104,1230,1263,1794,18,7,1,1,20000
1855,0.5,0,0,187,267,1161,3933,7,0,0,1,10000
946,1.4,0,0,186,273,891,1637,7,3,0,1,10000
657,1.9,1,0,110,705,1905,783,6,1,1,0,30000
1673,1.6,0,0,182,214,679,3094,12,4,0,0,10000
731,0.5,1,1,130,424,1032,1774,12,8,0,0,20000
926,0.8,0,1,161,84,793,256,18,7,0,1,20000
1261,0.5,0,1,86,605,1429,1365,9,3,0,1,20000
618,1.1,0,1,188,1175,1586,2339,19,2,1,0,10000
936,2.3,0,1,129,657,938,2049,12,8,1,0,10000
1485,0.9,1,1,158,371,1023,3241,14,11,1,0,30000
1339,0.5,1,1,80,833,1441,867,8,3,1,0,10000
508,1.3,0,0,82,102,1195,2175,14,4,0,1,20000
1938,0.5,1,0,121,1299,1935,3497,18,10,1,0,20000
995,1.3,1,0,104,258,1889,609,11,3,0,1,20000
1086,1.7,1,1,111,56,1150,3285,11,5,1,0,10000
1322,2.3,1,1,157,443,708,3684,15,8,0,0,10000
1864,1.9,1,0,181,1279,1793,3586,19,9,0,1,30000
1944,0.5,0,1,92,313,712,2322,19,8,0,1,10000
581,0.6,0,1,180,523,565,354,10,4,1,1,20000
1020,0.7,1,1,128,919,1482,3204,18,1,0,1,20000
1936,1.3,0,0,139,570,1021,1400,17,7,0,1,20000
1329,1.7,0,1,198,380,682,2308,11,10,1,0,10000
808,0.5,1,0,105,119,529,1082,15,5,0,1,10000
994,1.2,1,0,164,296,839,3104,17,7,0,0,30000
1811,2,0,1,82,358,614,2847,9,2,0,1,10000
765,2.5,0,0,88,1364,1851,2256,6,1,1,1,20000
993,2.3,1,0,106,424,1639,1113,14,1,0,1,20000
1136,1.6,0,0,150,961,1030,3210,10,3,1,1,20000
719,0.5,1,1,113,431,1727,3990,14,9,1,1,10000
733,0.6,1,0,105,950,1739,984,17,4,0,1,10000
1946,2.7,1,0,123,647,1849,3117,6,0,0,0,30000
1230,1.6,0,1,111,1960,1963,1622,18,17,1,1,10000
1577,1,1,1,105,116,1432,2967,7,3,1,1,20000
1514,1.4,0,1,138,306,538,1037,15,3,0,1,20000
579,2.5,0,0,89,808,1517,2908,12,4,0,1,20000
574,3,0,1,126,94,1334,1167,5,3,0,0,10000
1072,2.2,1,0,114,380,877,2715,15,9,1,0,10000
843,1.3,1,0,119,593,732,1734,17,8,0,1,30000
1492,1.5,0,0,85,1684,1746,2259,14,12,1,1,10000
1807,2.9,0,0,125,1221,1415,2921,8,5,1,0,20000
909,0.7,1,0,146,410,1643,1244,14,10,1,0,20000
1876,1.3,1,1,98,600,1211,3132,17,0,1,1,20000
1436,2.4,1,1,106,189,1411,2488,8,4,0,0,10000
1251,0.5,1,1,133,308,591,1052,11,9,0,0,10000
636,0.5,0,1,152,148,742,2927,15,6,0,0,30000
1354,0.7,1,1,136,297,918,2090,5,1,1,0,10000
930,0.5,1,1,190,1050,1726,2131,7,2,0,1,20000
1830,1,0,1,117,1191,1882,3362,13,10,0,0,20000
1424,0.5,1,1,80,1399,1663,1053,14,11,1,1,20000
583,0.9,1,0,88,1658,1794,1799,16,9,1,0,10000
648,0.5,1,1,109,1153,1817,3124,5,0,0,0,10000
1203,0.5,1,1,109,35,510,1672,17,13,1,0,30000
1777,2.2,1,0,100,553,874,1552,10,8,1,0,10000
1299,2.8,1,0,83,46,908,1938,19,8,0,1,20000
1494,1.9,0,1,129,207,1177,3202,13,1,0,0,20000
527,0.7,1,0,128,67,1924,1302,13,7,0,0,20000
793,2.8,1,1,179,818,1006,2296,12,0,1,0,10000
873,0.5,1,0,152,1257,1411,575,15,8,0,1,10000
722,1.1,0,0,93,138,1371,2359,13,6,0,0,30000
1250,1.5,0,1,167,11,1020,3314,6,5,1,1,10000
1358,1.7,0,0,147,889,1635,440,14,10,0,0,20000
1035,1.9,1,0,173,831,1709,2002,17,8,1,0,20000
1289,0.8,1,1,161,713,1854,3167,14,8,1,0,20000
1445,2.2,1,0,82,527,1393,3480,17,16,1,1,10000
1702,2.3,1,1,107,1284,1643,595,10,0,0,1,10000
534,0.5,1,0,85,911,1220,2466,5,3,1,1,30000
628,1.8,0,0,87,1047,1534,1337,12,7,1,0,10000
713,1.4,1,0,98,123,1477,1462,19,18,0,1,20000
1207,0.5,0,0,112,406,681,503,7,3,1,0,20000
683,2.1,0,0,197,927,1135,2066,9,0,0,0,20000
594,2.6,0,0,196,407,528,708,17,5,1,1,10000
537,2,0,1,103,1041,1430,2029,10,5,1,1,10000
1565,0.5,0,0,121,781,1364,308,19,17,1,1,30000
1052,0.9,0,0,195,1191,1839,552,6,1,0,1,10000
713,1.6,0,1,89,103,1760,2082,15,10,0,0,20000
1766,0.5,1,0,141,125,1227,3314,9,7,0,1,20000
584,1.7,1,1,199,919,1343,3996,12,9,1,1,20000
1541,1.5,1,1,109,536,1656,1795,7,3,1,1,10000
837,2.4,1,0,104,638,1831,594,16,6,0,1,10000
935,0.5,1,1,155,639,1087,2473,10,4,0,1,30000
665,0.7,0,1,185,496,1804,690,5,2,0,0,10000
680,2.4,0,1,157,686,1418,3845,15,1,1,1,20000
877,1.5,1,1,195,1064,1985,2004,11,8,1,1,20000
1493,1.5,1,0,102,240,1414,2083,19,15,1,1,20000
1762,0.6,0,1,83,525,704,2661,9,7,1,0,10000
842,1.8,1,0,124,348,730,1903,8,4,1,0,10000
925,2.1,0,0,196,1262,1520,2466,8,0,0,0,30000
1692,2.1,0,1,106,1899,1904,3779,9,3,1,1,10000
1576,2.2,0,0,139,258,789,3904,5,1,1,1,20000
1065,1.7,1,1,162,1188,1948,265,8,0,0,0,20000
958,1.6,0,1,200,730,751,1417,10,4,0,1,20000
623,0.8,0,1,197,484,1238,1769,10,1,0,0,10000
897,1.4,1,0,171,547,1852,2948,12,3,0,1,10000
1110,1.5,0,1,152,800,1455,2572,16,5,0,1,30000
616,2.2,0,1,150,347,513,3267,17,9,0,0,10000
1680,1.2,1,1,168,679,1231,1459,15,3,1,0,20000
1715,1.3,0,1,94,1224,1676,1633,15,10,1,1,20000
983,0.6,1,1,130,948,1205,2052,5,3,0,1,20000
720,0.9,1,1,165,366,1234,1086,14,7,1,0,10000
1660,0.6,0,1,169,223,1777,2402,12,10,1,1,10000
1564,1.5,1,0,108,1619,1962,3376,7,0,1,0,30000
592,0.8,1,0,103,332,970,1507,5,0,0,1,10000
969,1.8,1,1,158,167,909,641,9,1,0,1,20000
1356,0.5,1,0,131,782,951,3451,5,2,1,1,20000
504,1,0,0,189,881,1129,1607,15,0,1,1,20000
1546,0.5,1,1,101,91,1317,3521,15,11,0,0,10000
689,2.9,1,1,147,487,722,1241,9,0,0,0,10000
1685,0.6,0,0,137,120,1429,881,6,3,1,1,30000
1792,1,0,1,170,1626,1913,2563,18,14,0,1,10000
1786,1.2,0,0,123,74,865,3033,14,11,1,0,20000
1944,0.6,1,1,132,634,1079,769,19,13,0,1,20000
1077,2.5,0,1,131,334,1079,3454,17,11,0,1,20000
648,1.8,0,1,195,931,1811,819,10,3,0,0,10000
1702,0.5,1,0,185,921,1351,435,12,9,1,1,10000
1571,2.9,0,0,150,805,956,586,10,9,1,1,30000
856,1.1,1,1,125,1057,1931,650,17,0,0,1,10000
1786,2.6,0,0,115,616,912,3038,18,0,0,0,20000
914,0.7,0,1,198,740,840,3736,14,8,0,0,20000
1615,2.8,0,0,117,542,678,2948,8,3,1,0,20000
649,1.4,0,1,190,344,1551,739,18,1,1,0,10000
1646,2.5,0,1,200,211,1608,686,8,6,1,0,10000
1189,1.9,0,0,164,79,615,841,13,10,1,0,30000
1043,2.7,0,0,83,887,893,1183,5,3,0,0,10000
1920,0.6,1,1,131,670,1152,3943,13,0,1,0,20000
1220,2.8,0,0,109,383,1249,1037,6,4,0,0,20000
1748,0.5,1,1,114,718,1109,2633,16,0,0,0,20000
907,2.6,1,0,160,144,896,3911,13,6,0,0,10000
1193,2.3,0,0,158,1442,1904,1958,7,5,0,0,10000
1766,0.5,1,1,122,291,1318,3297,7,5,0,0,30000
1278,1,0,1,170,1352,1775,3141,6,2,1,1,10000
1234,1.7,1,0,174,209,725,3351,12,9,0,1,20000
1961,1.5,0,0,100,861,1888,2355,14,7,1,1,20000
1745,2.9,0,1,105,426,1629,1308,5,0,1,0,20000
1442,0.6,1,0,127,266,642,991,14,8,0,0,10000
1083,2.9,1,1,173,523,542,3248,8,6,0,1,10000
868,0.9,0,0,137,40,1311,1519,13,0,0,1,30000
864,1.6,1,1,88,262,1436,493,18,9,1,0,10000
1142,1.2,0,0,114,623,769,1747,7,0,1,0,20000
608,0.5,1,0,94,4,1351,2517,16,8,1,1,20000
983,1.8,0,1,187,1001,1176,1389,17,8,1,1,20000
1720,1.6,0,1,188,334,896,2522,10,5,0,1,10000
1802,1.2,1,0,116,453,963,1885,10,9,1,0,10000
591,2.1,1,1,196,952,1726,704,14,5,1,1,30000
1205,2.7,0,0,163,321,1870,953,18,11,1,1,10000
1369,1.7,1,0,108,1451,1469,3206,16,15,0,0,20000
713,0.9,1,0,94,1048,1123,928,12,10,0,1,20000
1082,2.3,1,0,101,398,724,2177,12,2,1,0,20000
1719,2.1,1,0,187,417,520,2610,10,1,1,1,10000
1544,2.4,0,1,186,470,844,489,9,4,0,1,10000
1090,2.3,0,1,128,1217,1670,3839,17,3,0,1,30000
1991,2.8,0,1,181,298,1037,1861,8,5,1,1,10000
1367,2.9,0,0,176,36,642,299,6,2,1,0,20000
1179,0.5,0,1,182,85,1451,340,16,5,0,0,20000
721,2.7,1,1,102,655,1255,3606,10,0,1,1,20000
1549,1.8,1,0,91,167,990,799,7,3,0,1,10000
1349,2.1,1,0,134,212,623,2367,11,7,0,1,10000
1799,1,0,1,123,617,1386,445,10,8,1,0,30000
1075,0.5,1,0,122,271,1769,3927,8,3,0,0,10000
684,0.9,1,1,157,159,1738,3756,17,5,1,1,20000
1837,0.5,0,0,162,786,872,770,14,1,0,1,20000
1619,1.9,0,1,138,46,562,1641,7,2,0,0,20000
965,1.4,0,0,197,645,1275,2343,17,12,0,0,10000
730,1.5,0,0,122,1371,1677,2787,10,8,0,1,10000
1361,1.4,0,0,169,881,1382,2495,8,7,0,1,30000
1494,1.6,0,1,158,449,790,3208,11,9,0,0,10000
1027,0.8,0,0,146,338,534,1234,7,4,0,1,20000
1807,0.8,1,1,97,1332,1814,1069,7,6,0,0,20000
709,2.4,1,0,130,119,1531,3568,16,14,0,1,20000
689,1.4,0,0,103,256,823,3585,10,1,0,0,10000
955,0.5,0,0,155,428,1254,1974,14,1,1,0,10000
1872,1.9,0,0,111,1546,1879,2419,15,5,0,0,30000
1259,1.2,1,0,97,1210,1989,340,17,13,0,1,10000
695,1.2,0,1,169,789,1211,2282,5,2,1,0,20000
1969,1.2,1,0,132,390,756,298,10,1,1,0,20000
759,2.5,0,1,162,110,1317,968,6,2,0,0,20000
936,1,0,0,153,1330,1686,2391,12,6,1,1,10000
1176,2.1,0,1,168,674,1455,1534,6,2,0,0,10000
1802,2.7,1,1,101,253,590,696,14,7,1,0,30000
772,1,1,1,97,317,1805,2782,7,0,0,0,10000
1318,2.4,0,1,136,183,661,755,18,3,0,1,20000
591,0.5,1,1,90,892,1603,3746,5,0,1,0,20000
569,2.5,1,0,124,388,605,2651,17,7,0,0,20000
764,1,1,1,124,52,539,1341,19,1,0,0,10000
1056,2.1,1,1,101,914,979,2651,15,5,1,1,10000
1982,1.6,0,1,80,287,593,1824,13,3,1,1,30000
1830,0.5,0,0,160,773,1353,1905,16,3,1,1,10000
1122,0.5,0,1,156,675,1163,1456,9,3,1,0,20000
1023,0.7,0,1,153,367,1985,3155,11,10,1,1,20000
1283,2.4,1,1,93,510,980,773,17,7,1,0,20000
1602,1.6,1,1,99,1325,1800,1829,18,17,0,0,10000
732,1.3,0,1,163,1661,1836,3883,12,2,0,1,10000
1854,0.9,1,1,195,665,718,1675,14,12,0,1,30000
718,1.6,1,1,93,662,997,1601,10,9,1,1,10000
897,2,0,1,154,0,994,1958,7,5,1,0,20000
1405,1.7,0,0,107,284,1036,2376,19,6,1,0,20000
798,0.6,1,1,110,661,1951,1647,12,2,0,0,20000
1035,2.7,0,0,157,757,1912,3548,14,4,1,1,10000
1396,0.6,0,0,134,560,1177,2694,18,3,0,1,10000
1749,0.5,1,1,178,470,775,2195,5,4,0,1,30000
1588,2.5,0,1,148,146,822,2506,5,3,0,0,10000
1600,0.5,0,1,94,1315,1710,2073,9,5,1,0,20000
1522,2.2,0,0,162,533,1696,3767,15,9,0,1,20000
1279,2.5,0,1,105,560,1633,1150,7,2,0,0,20000
719,2.9,0,0,102,405,1141,841,9,1,0,0,10000
544,0.5,1,1,129,227,610,1675,13,4,1,0,10000
1007,2.9,1,1,185,479,831,1301,8,6,1,0,30000
590,1.2,1,0,141,227,509,1817,10,0,1,0,10000
1788,0.5,0,1,141,149,1022,2321,7,5,1,0,20000
748,1.4,0,0,110,88,709,1974,17,5,1,1,20000
757,0.9,1,0,157,114,819,3433,6,5,1,0,20000
1561,1.6,1,1,174,662,874,1205,12,7,1,0,10000
1327,2.8,0,0,89,441,1721,872,7,5,1,1,10000
797,1.5,1,0,81,888,1466,2052,9,3,1,1,30000
727,2.5,1,1,193,664,711,3654,9,1,1,0,10000
686,2.7,1,0,194,64,745,1503,10,0,0,0,20000
1515,2.1,1,1,176,747,1247,3104,6,5,0,0,20000
555,0.5,1,0,163,956,1010,343,19,14,1,1,20000
1589,0.6,0,0,112,776,1397,3430,7,5,1,1,10000
1976,2.6,1,0,136,652,1933,2470,11,1,0,0,10000
1884,1,1,0,149,1168,1179,1396,15,8,1,1,30000
1063,2,0,0,86,201,582,2668,12,5,0,0,10000
672,0.6,1,0,194,724,1127,1457,14,10,0,1,20000
635,0.5,0,0,110,599,1299,2452,19,17,0,0,20000
1906,1.9,1,0,113,3,629,1871,13,5,0,1,20000
1753,0.7,0,0,191,1652,1983,1112,8,2,1,1,10000
659,1.4,1,1,85,190,657,967,10,1,0,1,10000
1583,1.2,1,0,148,1171,1673,2498,13,6,0,1,30000
1783,2.9,1,0,104,1081,1979,387,14,5,1,0,10000
1667,1,1,1,138,1211,1396,635,17,7,0,0,20000
640,1.3,1,1,143,976,1353,2711,15,7,1,0,20000
1913,1.8,0,0,111,675,742,2023,17,13,1,0,20000
538,1.1,1,1,163,455,537,2215,9,3,1,1,10000
1191,0.8,0,1,89,42,807,824,19,18,0,0,10000
816,3,1,0,117,1196,1651,3851,10,3,0,1,30000
915,0.5,1,1,199,503,986,2156,7,3,1,0,10000
1157,0.8,0,0,88,1694,1798,2885,8,4,0,1,20000
1201,0.5,0,0,99,306,558,495,15,6,1,1,20000
1379,1.1,1,1,129,838,885,2358,10,5,1,0,20000
1483,2.2,0,1,169,291,651,1744,6,3,0,0,10000
1614,1.2,0,1,161,173,1219,1832,15,8,0,0,10000
930,1,1,1,144,1017,1289,2016,13,10,1,1,30000
1454,2.6,0,0,199,698,1018,1300,10,0,0,1,10000
1784,1.6,0,0,164,610,1437,2313,14,1,1,0,20000
1262,1.8,1,0,149,223,737,3248,13,3,1,1,20000
797,2.2,1,0,144,206,1167,2216,9,5,0,0,20000
1829,2.1,0,0,91,1457,1919,3142,16,6,1,1,10000
1139,0.9,1,1,161,742,999,1850,9,4,0,0,10000
618,1,0,1,80,591,724,1424,15,12,1,0,30000
1547,2.9,0,0,114,347,957,1620,9,2,1,1,10000
586,2.8,0,0,83,241,854,2592,12,8,0,0,20000
1617,2.4,0,1,85,743,1426,296,5,3,0,0,20000
1882,2,0,1,113,4,743,3579,19,8,1,0,20000
674,2.9,1,0,198,576,1809,1180,6,3,1,1,10000
1467,0.5,0,0,122,888,1099,3962,15,11,1,1,10000
858,2.2,0,0,84,528,1416,3978,17,16,1,0,30000
794,0.5,1,1,106,1222,1890,668,13,4,1,0,10000
1965,2.6,1,0,187,915,1965,2032,11,10,1,1,20000
1911,0.9,1,1,108,868,1632,3057,9,1,1,0,20000
1512,0.9,0,1,145,336,670,869,18,10,1,1,20000
510,2,1,1,168,483,754,3919,19,4,1,1,10000
